<GroundVehicleConfiguration Series="VEHICLES">
  <RoadGraphID>31991985</RoadGraphID>
  <MinimumSpeed>0</MinimumSpeed>
  <MaximumSpeed>6.69999980926514</MaximumSpeed>
  <EnergyRate>0.00115999998524785</EnergyRate>
  <ID>13</ID>
  <Affiliation>Friendly</Affiliation>
  <EntityType>Gladiator</EntityType>
  <Label>Tiger-20</Label>
  <NominalSpeed>4.46000003814697</NominalSpeed>
  <NominalAltitude>0</NominalAltitude>
  <NominalAltitudeType>AGL</NominalAltitudeType>
  <PayloadConfigurationList>
   <GimbalConfiguration Series="CMASI">
     <SupportedPointingModes>
     <GimbalPointingMode>LatLonSlaved</GimbalPointingMode>
     <GimbalPointingMode>AirVehicleRelativeAngle</GimbalPointingMode>
     </SupportedPointingModes>
     <MinAzimuth>-180</MinAzimuth>
     <MaxAzimuth>180</MaxAzimuth>
     <IsAzimuthClamped>true</IsAzimuthClamped>
     <MinElevation>0</MinElevation>
     <MaxElevation>40</MaxElevation>
     <IsElevationClamped>true</IsElevationClamped>
     <MinRotation>0</MinRotation>
     <MaxRotation>360</MaxRotation>
     <IsRotationClamped>false</IsRotationClamped>
     <MaxAzimuthSlewRate>114.589996337891</MaxAzimuthSlewRate>
     <MaxElevationSlewRate>114.589996337891</MaxElevationSlewRate>
     <MaxRotationRate>114.589996337891</MaxRotationRate>
     <ContainedPayloadList>
     <int64>131</int64>
     <int64>132</int64>
     </ContainedPayloadList>
     <PayloadID>130</PayloadID>
     <PayloadKind></PayloadKind>
     <Parameters>
     </Parameters>
   </GimbalConfiguration>
   <CameraConfiguration Series="CMASI">
     <SupportedWavelengthBand>EO</SupportedWavelengthBand>
     <FieldOfViewMode>Continuous</FieldOfViewMode>
     <MinHorizontalFieldOfView>0</MinHorizontalFieldOfView>
     <MaxHorizontalFieldOfView>90</MaxHorizontalFieldOfView>
     <DiscreteHorizontalFieldOfViewList>
     </DiscreteHorizontalFieldOfViewList>
     <VideoStreamHorizontalResolution>320</VideoStreamHorizontalResolution>
     <VideoStreamVerticalResolution>240</VideoStreamVerticalResolution>
     <PayloadID>131</PayloadID>
     <PayloadKind>eo-imager</PayloadKind>
     <Parameters>
     </Parameters>
   </CameraConfiguration>
   <CameraConfiguration Series="CMASI">
     <SupportedWavelengthBand>MWIR</SupportedWavelengthBand>
     <FieldOfViewMode>Continuous</FieldOfViewMode>
     <MinHorizontalFieldOfView>0</MinHorizontalFieldOfView>
     <MaxHorizontalFieldOfView>50</MaxHorizontalFieldOfView>
     <DiscreteHorizontalFieldOfViewList>
     </DiscreteHorizontalFieldOfViewList>
     <VideoStreamHorizontalResolution>320</VideoStreamHorizontalResolution>
     <VideoStreamVerticalResolution>240</VideoStreamVerticalResolution>
     <PayloadID>132</PayloadID>
     <PayloadKind>FLIR</PayloadKind>
     <Parameters>
     </Parameters>
   </CameraConfiguration>
   <ImpactPayloadConfiguration Series="IMPACT">
     <AvailablePayloads>
     <ImpactPayloadType>M240B</ImpactPayloadType>
     <ImpactPayloadType>Flashbang</ImpactPayloadType>
     <ImpactPayloadType>TearGas</ImpactPayloadType>
     <ImpactPayloadType>HeatBeam</ImpactPayloadType>
     <ImpactPayloadType>Track</ImpactPayloadType>
     <ImpactPayloadType>Megaphone</ImpactPayloadType>
     <ImpactPayloadType>Siren</ImpactPayloadType>
     </AvailablePayloads>
     <PayloadID>133</PayloadID>
     <PayloadKind></PayloadKind>
     <Parameters>
     </Parameters>
   </ImpactPayloadConfiguration>
   <RadioConfiguration Series="IMPACT">
     <Range>2500</Range>
     <RallyPoint>
      <Location3D Series="CMASI">
        <Latitude>30.471585</Latitude>
        <Longitude>-87.181458</Longitude>
        <Altitude>0</Altitude>
        <AltitudeType>MSL</AltitudeType>
      </Location3D>
     </RallyPoint>
     <Timeout>600</Timeout>
     <PayloadID>135</PayloadID>
     <PayloadKind></PayloadKind>
     <Parameters>
     </Parameters>
   </RadioConfiguration>
  </PayloadConfigurationList>
  <Info>
  </Info>
</GroundVehicleConfiguration>

