<GroundVehicleConfiguration Series="VEHICLES">
  <RoadGraphID>31991985</RoadGraphID>
  <MinimumSpeed>0</MinimumSpeed>
  <MaximumSpeed>13.4099998474121</MaximumSpeed>
  <EnergyRate>0.0017359999474138</EnergyRate>
  <ID>15</ID>
  <Affiliation>Friendly</Affiliation>
  <EntityType>MDARS</EntityType>
  <Label>Tiger-22</Label>
  <NominalSpeed>8.89999961853027</NominalSpeed>
  <NominalAltitude>0</NominalAltitude>
  <NominalAltitudeType>AGL</NominalAltitudeType>
  <PayloadConfigurationList>
   <GimbalConfiguration Series="CMASI">
     <SupportedPointingModes>
     <GimbalPointingMode>LatLonSlaved</GimbalPointingMode>
     <GimbalPointingMode>AirVehicleRelativeAngle</GimbalPointingMode>
     </SupportedPointingModes>
     <MinAzimuth>-180</MinAzimuth>
     <MaxAzimuth>180</MaxAzimuth>
     <IsAzimuthClamped>true</IsAzimuthClamped>
     <MinElevation>0</MinElevation>
     <MaxElevation>40</MaxElevation>
     <IsElevationClamped>true</IsElevationClamped>
     <MinRotation>0</MinRotation>
     <MaxRotation>360</MaxRotation>
     <IsRotationClamped>false</IsRotationClamped>
     <MaxAzimuthSlewRate>114.589996337891</MaxAzimuthSlewRate>
     <MaxElevationSlewRate>114.589996337891</MaxElevationSlewRate>
     <MaxRotationRate>114.589996337891</MaxRotationRate>
     <ContainedPayloadList>
     <int64>151</int64>
     <int64>152</int64>
     </ContainedPayloadList>
     <PayloadID>150</PayloadID>
     <PayloadKind></PayloadKind>
     <Parameters>
     </Parameters>
   </GimbalConfiguration>
   <CameraConfiguration Series="CMASI">
     <SupportedWavelengthBand>EO</SupportedWavelengthBand>
     <FieldOfViewMode>Continuous</FieldOfViewMode>
     <MinHorizontalFieldOfView>0</MinHorizontalFieldOfView>
     <MaxHorizontalFieldOfView>107</MaxHorizontalFieldOfView>
     <DiscreteHorizontalFieldOfViewList>
     </DiscreteHorizontalFieldOfViewList>
     <VideoStreamHorizontalResolution>640</VideoStreamHorizontalResolution>
     <VideoStreamVerticalResolution>480</VideoStreamVerticalResolution>
     <PayloadID>151</PayloadID>
     <PayloadKind>eo900-turret</PayloadKind>
     <Parameters>
     </Parameters>
   </CameraConfiguration>
   <CameraConfiguration Series="CMASI">
     <SupportedWavelengthBand>MWIR</SupportedWavelengthBand>
     <FieldOfViewMode>Continuous</FieldOfViewMode>
     <MinHorizontalFieldOfView>0</MinHorizontalFieldOfView>
     <MaxHorizontalFieldOfView>50</MaxHorizontalFieldOfView>
     <DiscreteHorizontalFieldOfViewList>
     </DiscreteHorizontalFieldOfViewList>
     <VideoStreamHorizontalResolution>640</VideoStreamHorizontalResolution>
     <VideoStreamVerticalResolution>480</VideoStreamVerticalResolution>
     <PayloadID>152</PayloadID>
     <PayloadKind>FLIR</PayloadKind>
     <Parameters>
     </Parameters>
   </CameraConfiguration>
   <ImpactPayloadConfiguration Series="IMPACT">
     <AvailablePayloads>
     <ImpactPayloadType>Taser</ImpactPayloadType>
     <ImpactPayloadType>Track</ImpactPayloadType>
     <ImpactPayloadType>Tag</ImpactPayloadType>
     <ImpactPayloadType>SearchLight</ImpactPayloadType>
     </AvailablePayloads>
     <PayloadID>153</PayloadID>
     <PayloadKind></PayloadKind>
     <Parameters>
     </Parameters>
   </ImpactPayloadConfiguration>
   <RadioConfiguration Series="IMPACT">
     <Range>2500</Range>
     <RallyPoint>
      <Location3D Series="CMASI">
        <Latitude>30.471585</Latitude>
        <Longitude>-87.181458</Longitude>
        <Altitude>0</Altitude>
        <AltitudeType>MSL</AltitudeType>
      </Location3D>
     </RallyPoint>
     <Timeout>600</Timeout>
     <PayloadID>155</PayloadID>
     <PayloadKind></PayloadKind>
     <Parameters>
     </Parameters>
   </RadioConfiguration>
  </PayloadConfigurationList>
  <Info>
  </Info>
</GroundVehicleConfiguration>

