<?xml version="1.0"?>
<LineSearchTask Series="CMASI">
  <PointList>
    <Location3D Series="CMASI">
      <Latitude>30.516989920988088</Latitude>
      <Longitude>-87.21349546061415</Longitude>
      <Altitude>0.0</Altitude>
      <AltitudeType>MSL</AltitudeType>
    </Location3D>
    <Location3D Series="CMASI">
      <Latitude>30.50104206828136</Latitude>
      <Longitude>-87.19719372496662</Longitude>
      <Altitude>0.0</Altitude>
      <AltitudeType>MSL</AltitudeType>
    </Location3D>
    <Location3D Series="CMASI">
      <Latitude>30.47294347065522</Latitude>
      <Longitude>-87.1941096128171</Longitude>
      <Altitude>0.0</Altitude>
      <AltitudeType>MSL</AltitudeType>
    </Location3D>
    <Location3D Series="CMASI">
      <Latitude>30.45889417184215</Latitude>
      <Longitude>-87.17075847797064</Longitude>
      <Altitude>0.0</Altitude>
      <AltitudeType>MSL</AltitudeType>
    </Location3D>
    <Location3D Series="CMASI">
      <Latitude>30.467627519752977</Latitude>
      <Longitude>-87.1385955941255</Longitude>
      <Altitude>0.0</Altitude>
      <AltitudeType>MSL</AltitudeType>
    </Location3D>
    <Location3D Series="CMASI">
      <Latitude>30.46648838741678</Latitude>
      <Longitude>-87.13771441922565</Longitude>
      <Altitude>0.0</Altitude>
      <AltitudeType>MSL</AltitudeType>
    </Location3D>
  </PointList>
  <ViewAngleList/>
  <UseInertialViewAngles>false</UseInertialViewAngles>
  <DesiredWavelengthBands/>
  <DwellTime>0</DwellTime>
  <GroundSampleDistance>0.0</GroundSampleDistance>
  <TaskID>100</TaskID>
  <Label/>
  <EligibleEntities/>
  <RevisitRate>0.0</RevisitRate>
  <Parameters/>
  <Priority>0</Priority>
  <Required>true</Required>
</LineSearchTask>

