<?xml version="1.0" encoding="UTF-8"?>
<AMASE>
  <ScenarioData>
    <SimulationView LongExtent="0.25" Latitude="25.27539066553546" Longitude="-80.50464154064439"/>
    <ScenarioName>Template Example</ScenarioName>
    <Date>3/4/2021:09:25:18</Date>
    <!-- <ScenarioDuration>785.0</ScenarioDuration> -->
    <TrackAgeOut/>
  </ScenarioData>
  <ScenarioEventList>
    <AirVehicleConfiguration Series="CMASI">
      <MinimumSpeed>20.0</MinimumSpeed>
      <MaximumSpeed>35.0</MaximumSpeed>
      <NominalFlightProfile>
        <FlightProfile Series="CMASI">
          <Name/>
          <Airspeed>22.0</Airspeed>
          <PitchAngle>0.0</PitchAngle>
          <VerticalSpeed>0.0</VerticalSpeed>
          <MaxBankAngle>20.0</MaxBankAngle>
          <EnergyRate>3.0E-4</EnergyRate>
        </FlightProfile>
      </NominalFlightProfile>
      <AlternateFlightProfiles>
        <FlightProfile Series="CMASI">
          <Name/>
          <Airspeed>22.0</Airspeed>
          <PitchAngle>0.0</PitchAngle>
          <VerticalSpeed>5.0</VerticalSpeed>
          <MaxBankAngle>20.0</MaxBankAngle>
          <EnergyRate>3.0E-4</EnergyRate>
        </FlightProfile>
      </AlternateFlightProfiles>
      <AvailableLoiterTypes/>
      <AvailableTurnTypes/>
      <MinimumAltitude>0.0</MinimumAltitude>
      <MinAltitudeType>AGL</MinAltitudeType>
      <MaximumAltitude>1000000.0</MaximumAltitude>
      <MaxAltitudeType>MSL</MaxAltitudeType>
      <ID>3</ID>
      <Affiliation>Unknown</Affiliation>
      <EntityType/>
      <Label>F3</Label>
      <NominalSpeed>22.0</NominalSpeed>
      <NominalAltitude>500.0</NominalAltitude>
      <NominalAltitudeType>AGL</NominalAltitudeType>
      <PayloadConfigurationList>
        <CameraConfiguration Series="CMASI">
          <SupportedWavelengthBand>EO</SupportedWavelengthBand>
          <FieldOfViewMode>Discrete</FieldOfViewMode>
          <MinHorizontalFieldOfView>0.11</MinHorizontalFieldOfView>
          <MaxHorizontalFieldOfView>45.0</MaxHorizontalFieldOfView>
          <DiscreteHorizontalFieldOfViewList>
            <real32>45.0</real32>
            <real32>22.0</real32>
            <real32>7.6</real32>
            <real32>3.7</real32>
            <real32>0.63</real32>
            <real32>0.11</real32>
          </DiscreteHorizontalFieldOfViewList>
          <VideoStreamHorizontalResolution>1024</VideoStreamHorizontalResolution>
          <VideoStreamVerticalResolution>768</VideoStreamVerticalResolution>
          <PayloadID>1003</PayloadID>
          <PayloadKind/>
          <Parameters/>
        </CameraConfiguration>
        <GimbalConfiguration Series="CMASI">
          <SupportedPointingModes/>
          <MinAzimuth>-180.0</MinAzimuth>
          <MaxAzimuth>180.0</MaxAzimuth>
          <IsAzimuthClamped>true</IsAzimuthClamped>
          <MinElevation>-130.0</MinElevation>
          <MaxElevation>40.0</MaxElevation>
          <IsElevationClamped>true</IsElevationClamped>
          <MinRotation>0.0</MinRotation>
          <MaxRotation>0.0</MaxRotation>
          <IsRotationClamped>true</IsRotationClamped>
          <MaxAzimuthSlewRate>115.0</MaxAzimuthSlewRate>
          <MaxElevationSlewRate>115.0</MaxElevationSlewRate>
          <MaxRotationRate>0.0</MaxRotationRate>
          <ContainedPayloadList>
            <int64>1003</int64>
          </ContainedPayloadList>
          <PayloadID>103</PayloadID>
          <PayloadKind/>
          <Parameters/>
        </GimbalConfiguration>
      </PayloadConfigurationList>
      <Info/>
    </AirVehicleConfiguration>
    <AirVehicleConfiguration Series="CMASI">
      <MinimumSpeed>20.0</MinimumSpeed>
      <MaximumSpeed>35.0</MaximumSpeed>
      <NominalFlightProfile>
        <FlightProfile Series="CMASI">
          <Name/>
          <Airspeed>22.0</Airspeed>
          <PitchAngle>0.0</PitchAngle>
          <VerticalSpeed>0.0</VerticalSpeed>
          <MaxBankAngle>20.0</MaxBankAngle>
          <EnergyRate>3.0E-4</EnergyRate>
        </FlightProfile>
      </NominalFlightProfile>
      <AlternateFlightProfiles>
        <FlightProfile Series="CMASI">
          <Name/>
          <Airspeed>22.0</Airspeed>
          <PitchAngle>0.0</PitchAngle>
          <VerticalSpeed>5.0</VerticalSpeed>
          <MaxBankAngle>20.0</MaxBankAngle>
          <EnergyRate>3.0E-4</EnergyRate>
        </FlightProfile>
      </AlternateFlightProfiles>
      <AvailableLoiterTypes/>
      <AvailableTurnTypes/>
      <MinimumAltitude>0.0</MinimumAltitude>
      <MinAltitudeType>AGL</MinAltitudeType>
      <MaximumAltitude>1000000.0</MaximumAltitude>
      <MaxAltitudeType>MSL</MaxAltitudeType>
      <ID>4</ID>
      <Affiliation>Unknown</Affiliation>
      <EntityType/>
      <Label>F4</Label>
      <NominalSpeed>22.0</NominalSpeed>
      <NominalAltitude>500.0</NominalAltitude>
      <NominalAltitudeType>AGL</NominalAltitudeType>
      <PayloadConfigurationList>
        <CameraConfiguration Series="CMASI">
          <SupportedWavelengthBand>EO</SupportedWavelengthBand>
          <FieldOfViewMode>Discrete</FieldOfViewMode>
          <MinHorizontalFieldOfView>0.11</MinHorizontalFieldOfView>
          <MaxHorizontalFieldOfView>45.0</MaxHorizontalFieldOfView>
          <DiscreteHorizontalFieldOfViewList>
            <real32>45.0</real32>
            <real32>22.0</real32>
            <real32>7.6</real32>
            <real32>3.7</real32>
            <real32>0.63</real32>
            <real32>0.11</real32>
          </DiscreteHorizontalFieldOfViewList>
          <VideoStreamHorizontalResolution>1024</VideoStreamHorizontalResolution>
          <VideoStreamVerticalResolution>768</VideoStreamVerticalResolution>
          <PayloadID>1004</PayloadID>
          <PayloadKind/>
          <Parameters/>
        </CameraConfiguration>
        <GimbalConfiguration Series="CMASI">
          <SupportedPointingModes/>
          <MinAzimuth>-180.0</MinAzimuth>
          <MaxAzimuth>180.0</MaxAzimuth>
          <IsAzimuthClamped>true</IsAzimuthClamped>
          <MinElevation>-130.0</MinElevation>
          <MaxElevation>40.0</MaxElevation>
          <IsElevationClamped>true</IsElevationClamped>
          <MinRotation>0.0</MinRotation>
          <MaxRotation>0.0</MaxRotation>
          <IsRotationClamped>true</IsRotationClamped>
          <MaxAzimuthSlewRate>115.0</MaxAzimuthSlewRate>
          <MaxElevationSlewRate>115.0</MaxElevationSlewRate>
          <MaxRotationRate>0.0</MaxRotationRate>
          <ContainedPayloadList>
            <int64>1004</int64>
          </ContainedPayloadList>
          <PayloadID>104</PayloadID>
          <PayloadKind/>
          <Parameters/>
        </GimbalConfiguration>
      </PayloadConfigurationList>
      <Info/>
    </AirVehicleConfiguration>
    <AirVehicleConfiguration Series="CMASI">
      <MinimumSpeed>20.0</MinimumSpeed>
      <MaximumSpeed>35.0</MaximumSpeed>
      <NominalFlightProfile>
        <FlightProfile Series="CMASI">
          <Name/>
          <Airspeed>22.0</Airspeed>
          <PitchAngle>0.0</PitchAngle>
          <VerticalSpeed>0.0</VerticalSpeed>
          <MaxBankAngle>20.0</MaxBankAngle>
          <EnergyRate>3.0E-4</EnergyRate>
        </FlightProfile>
      </NominalFlightProfile>
      <AlternateFlightProfiles>
        <FlightProfile Series="CMASI">
          <Name/>
          <Airspeed>22.0</Airspeed>
          <PitchAngle>0.0</PitchAngle>
          <VerticalSpeed>5.0</VerticalSpeed>
          <MaxBankAngle>20.0</MaxBankAngle>
          <EnergyRate>3.0E-4</EnergyRate>
        </FlightProfile>
      </AlternateFlightProfiles>
      <AvailableLoiterTypes/>
      <AvailableTurnTypes/>
      <MinimumAltitude>0.0</MinimumAltitude>
      <MinAltitudeType>AGL</MinAltitudeType>
      <MaximumAltitude>1000000.0</MaximumAltitude>
      <MaxAltitudeType>MSL</MaxAltitudeType>
      <ID>5</ID>
      <Affiliation>Unknown</Affiliation>
      <EntityType/>
      <Label>F5</Label>
      <NominalSpeed>22.0</NominalSpeed>
      <NominalAltitude>500.0</NominalAltitude>
      <NominalAltitudeType>AGL</NominalAltitudeType>
      <PayloadConfigurationList>
        <CameraConfiguration Series="CMASI">
          <SupportedWavelengthBand>EO</SupportedWavelengthBand>
          <FieldOfViewMode>Discrete</FieldOfViewMode>
          <MinHorizontalFieldOfView>0.11</MinHorizontalFieldOfView>
          <MaxHorizontalFieldOfView>45.0</MaxHorizontalFieldOfView>
          <DiscreteHorizontalFieldOfViewList>
            <real32>45.0</real32>
            <real32>22.0</real32>
            <real32>7.6</real32>
            <real32>3.7</real32>
            <real32>0.63</real32>
            <real32>0.11</real32>
          </DiscreteHorizontalFieldOfViewList>
          <VideoStreamHorizontalResolution>1024</VideoStreamHorizontalResolution>
          <VideoStreamVerticalResolution>768</VideoStreamVerticalResolution>
          <PayloadID>1005</PayloadID>
          <PayloadKind/>
          <Parameters/>
        </CameraConfiguration>
        <GimbalConfiguration Series="CMASI">
          <SupportedPointingModes/>
          <MinAzimuth>-180.0</MinAzimuth>
          <MaxAzimuth>180.0</MaxAzimuth>
          <IsAzimuthClamped>true</IsAzimuthClamped>
          <MinElevation>-130.0</MinElevation>
          <MaxElevation>40.0</MaxElevation>
          <IsElevationClamped>true</IsElevationClamped>
          <MinRotation>0.0</MinRotation>
          <MaxRotation>0.0</MaxRotation>
          <IsRotationClamped>true</IsRotationClamped>
          <MaxAzimuthSlewRate>115.0</MaxAzimuthSlewRate>
          <MaxElevationSlewRate>115.0</MaxElevationSlewRate>
          <MaxRotationRate>0.0</MaxRotationRate>
          <ContainedPayloadList>
            <int64>1005</int64>
          </ContainedPayloadList>
          <PayloadID>105</PayloadID>
          <PayloadKind/>
          <Parameters/>
        </GimbalConfiguration>
      </PayloadConfigurationList>
      <Info/>
    </AirVehicleConfiguration>
    <AirVehicleConfiguration Series="CMASI">
      <MinimumSpeed>20.0</MinimumSpeed>
      <MaximumSpeed>35.0</MaximumSpeed>
      <NominalFlightProfile>
        <FlightProfile Series="CMASI">
          <Name/>
          <Airspeed>22.0</Airspeed>
          <PitchAngle>0.0</PitchAngle>
          <VerticalSpeed>0.0</VerticalSpeed>
          <MaxBankAngle>20.0</MaxBankAngle>
          <EnergyRate>3.0E-4</EnergyRate>
        </FlightProfile>
      </NominalFlightProfile>
      <AlternateFlightProfiles>
        <FlightProfile Series="CMASI">
          <Name/>
          <Airspeed>22.0</Airspeed>
          <PitchAngle>0.0</PitchAngle>
          <VerticalSpeed>5.0</VerticalSpeed>
          <MaxBankAngle>20.0</MaxBankAngle>
          <EnergyRate>3.0E-4</EnergyRate>
        </FlightProfile>
      </AlternateFlightProfiles>
      <AvailableLoiterTypes/>
      <AvailableTurnTypes/>
      <MinimumAltitude>0.0</MinimumAltitude>
      <MinAltitudeType>AGL</MinAltitudeType>
      <MaximumAltitude>1000000.0</MaximumAltitude>
      <MaxAltitudeType>MSL</MaxAltitudeType>
      <ID>6</ID>
      <Affiliation>Unknown</Affiliation>
      <EntityType/>
      <Label/>
      <NominalSpeed>22.0</NominalSpeed>
      <NominalAltitude>500.0</NominalAltitude>
      <NominalAltitudeType>AGL</NominalAltitudeType>
      <PayloadConfigurationList>
        <CameraConfiguration Series="CMASI">
          <SupportedWavelengthBand>EO</SupportedWavelengthBand>
          <FieldOfViewMode>Discrete</FieldOfViewMode>
          <MinHorizontalFieldOfView>0.11</MinHorizontalFieldOfView>
          <MaxHorizontalFieldOfView>45.0</MaxHorizontalFieldOfView>
          <DiscreteHorizontalFieldOfViewList>
            <real32>45.0</real32>
            <real32>22.0</real32>
            <real32>7.6</real32>
            <real32>3.7</real32>
            <real32>0.63</real32>
            <real32>0.11</real32>
          </DiscreteHorizontalFieldOfViewList>
          <VideoStreamHorizontalResolution>1024</VideoStreamHorizontalResolution>
          <VideoStreamVerticalResolution>768</VideoStreamVerticalResolution>
          <PayloadID>1006</PayloadID>
          <PayloadKind/>
          <Parameters/>
        </CameraConfiguration>
        <GimbalConfiguration Series="CMASI">
          <SupportedPointingModes/>
          <MinAzimuth>-180.0</MinAzimuth>
          <MaxAzimuth>180.0</MaxAzimuth>
          <IsAzimuthClamped>true</IsAzimuthClamped>
          <MinElevation>-130.0</MinElevation>
          <MaxElevation>40.0</MaxElevation>
          <IsElevationClamped>true</IsElevationClamped>
          <MinRotation>0.0</MinRotation>
          <MaxRotation>0.0</MaxRotation>
          <IsRotationClamped>true</IsRotationClamped>
          <MaxAzimuthSlewRate>115.0</MaxAzimuthSlewRate>
          <MaxElevationSlewRate>115.0</MaxElevationSlewRate>
          <MaxRotationRate>0.0</MaxRotationRate>
          <ContainedPayloadList>
            <int64>1006</int64>
          </ContainedPayloadList>
          <PayloadID>106</PayloadID>
          <PayloadKind/>
          <Parameters/>
        </GimbalConfiguration>
      </PayloadConfigurationList>
      <Info/>
    </AirVehicleConfiguration>
    <AirVehicleState Series="CMASI">
      <Airspeed>0.0</Airspeed>
      <VerticalSpeed>0.0</VerticalSpeed>
      <WindSpeed>0.0</WindSpeed>
      <WindDirection>0.0</WindDirection>
      <ID>3</ID>
      <u>0.0</u>
      <v>0.0</v>
      <w>0.0</w>
      <udot>0.0</udot>
      <vdot>0.0</vdot>
      <wdot>0.0</wdot>
      <Heading>0.0</Heading>
      <Pitch>0.0</Pitch>
      <Roll>0.0</Roll>
      <p>0.0</p>
      <q>0.0</q>
      <r>0.0</r>
      <Course>0.0</Course>
      <Groundspeed>0.0</Groundspeed>
      <Location>
        <Location3D Series="CMASI">
          <Latitude>25.26539066553646</Latitude>
          <Longitude>-80.55574154064439</Longitude>
          <Altitude>500.0</Altitude>
          <AltitudeType>MSL</AltitudeType>
        </Location3D>
      </Location>
      <EnergyAvailable>100.0</EnergyAvailable>
      <ActualEnergyRate>0.0</ActualEnergyRate>
      <PayloadStateList/>
      <CurrentWaypoint>0</CurrentWaypoint>
      <CurrentCommand>0</CurrentCommand>
      <Mode>Waypoint</Mode>
      <AssociatedTasks/>
      <Time>0</Time>
      <Info/>
    </AirVehicleState>
    <AirVehicleState Series="CMASI">
      <Airspeed>0.0</Airspeed>
      <VerticalSpeed>0.0</VerticalSpeed>
      <WindSpeed>0.0</WindSpeed>
      <WindDirection>0.0</WindDirection>
      <ID>4</ID>
      <u>0.0</u>
      <v>0.0</v>
      <w>0.0</w>
      <udot>0.0</udot>
      <vdot>0.0</vdot>
      <wdot>0.0</wdot>
      <Heading>0.0</Heading>
      <Pitch>0.0</Pitch>
      <Roll>0.0</Roll>
      <p>0.0</p>
      <q>0.0</q>
      <r>0.0</r>
      <Course>0.0</Course>
      <Groundspeed>0.0</Groundspeed>
      <Location>
        <Location3D Series="CMASI">
          <Latitude>25.31367665345892</Latitude>
          <Longitude>-80.54721053744846</Longitude>
          <Altitude>500.0</Altitude>
          <AltitudeType>MSL</AltitudeType>
        </Location3D>
      </Location>
      <EnergyAvailable>100.0</EnergyAvailable>
      <ActualEnergyRate>0.0</ActualEnergyRate>
      <PayloadStateList/>
      <CurrentWaypoint>0</CurrentWaypoint>
      <CurrentCommand>0</CurrentCommand>
      <Mode>Waypoint</Mode>
      <AssociatedTasks/>
      <Time>0</Time>
      <Info/>
    </AirVehicleState>
    <AirVehicleState Series="CMASI">
      <Airspeed>0.0</Airspeed>
      <VerticalSpeed>0.0</VerticalSpeed>
      <WindSpeed>0.0</WindSpeed>
      <WindDirection>0.0</WindDirection>
      <ID>5</ID>
      <u>0.0</u>
      <v>0.0</v>
      <w>0.0</w>
      <udot>0.0</udot>
      <vdot>0.0</vdot>
      <wdot>0.0</wdot>
      <Heading>0.0</Heading>
      <Pitch>0.0</Pitch>
      <Roll>0.0</Roll>
      <p>0.0</p>
      <q>0.0</q>
      <r>0.0</r>
      <Course>0.0</Course>
      <Groundspeed>0.0</Groundspeed>
      <Location>
        <Location3D Series="CMASI">
          <Latitude>25.26261383556009</Latitude>
          <Longitude>-80.49602451827288</Longitude>
          <Altitude>500.0</Altitude>
          <AltitudeType>MSL</AltitudeType>
        </Location3D>
      </Location>
      <EnergyAvailable>100.0</EnergyAvailable>
      <ActualEnergyRate>0.0</ActualEnergyRate>
      <PayloadStateList/>
      <CurrentWaypoint>0</CurrentWaypoint>
      <CurrentCommand>0</CurrentCommand>
      <Mode>Waypoint</Mode>
      <AssociatedTasks/>
      <Time>0</Time>
      <Info/>
    </AirVehicleState>
    <AirVehicleState Series="CMASI">
      <Airspeed>0.0</Airspeed>
      <VerticalSpeed>0.0</VerticalSpeed>
      <WindSpeed>0.0</WindSpeed>
      <WindDirection>0.0</WindDirection>
      <ID>6</ID>
      <u>0.0</u>
      <v>0.0</v>
      <w>0.0</w>
      <udot>0.0</udot>
      <vdot>0.0</vdot>
      <wdot>0.0</wdot>
      <Heading>0.0</Heading>
      <Pitch>0.0</Pitch>
      <Roll>0.0</Roll>
      <p>0.0</p>
      <q>0.0</q>
      <r>0.0</r>
      <Course>0.0</Course>
      <Groundspeed>0.0</Groundspeed>
      <Location>
        <Location3D Series="CMASI">
          <Latitude>25.28976506199572</Latitude>
          <Longitude>-80.51803450651838</Longitude>
          <Altitude>500.0</Altitude>
          <AltitudeType>MSL</AltitudeType>
        </Location3D>
      </Location>
      <EnergyAvailable>100.0</EnergyAvailable>
      <ActualEnergyRate>0.0</ActualEnergyRate>
      <PayloadStateList/>
      <CurrentWaypoint>0</CurrentWaypoint>
      <CurrentCommand>0</CurrentCommand>
      <Mode>Waypoint</Mode>
      <AssociatedTasks/>
      <Time>0</Time>
      <Info/>
    </AirVehicleState>
  </ScenarioEventList>
</AMASE>
