<AreaSearchTask Series="CMASI">
            <SearchArea>
                <Circle Series="CMASI">
                    <CenterPoint>
                        <Location3D Series="CMASI">
                            <Latitude>25.262856516228826</Latitude>
                            <Longitude>-80.53658690712518</Longitude>
                            <Altitude>0.0</Altitude>
                            <AltitudeType>MSL</AltitudeType>
                        </Location3D>
                    </CenterPoint>
                    <Radius>963.56683</Radius>
                </Circle>
            </SearchArea>
            <ViewAngleList />
            <DesiredWavelengthBands />
            <DwellTime>0</DwellTime>
            <GroundSampleDistance>0.2</GroundSampleDistance>
            <TaskID>23</TaskID>
            <Label />
            <EligibleEntities />
            <RevisitRate>0.0</RevisitRate>
            <Parameters />
            <Priority>0</Priority>
            <Required>true</Required>
        </AreaSearchTask>
        
        
        
        
        
        
        