<AutomationRequest Series="CMASI">
   <EntityList>
      <int64>3</int64>
      <int64>4</int64>
      <int64>5</int64>
      <int64>6</int64>
   </EntityList>
   <TaskList>
      <int64>21</int64>
      <int64>22</int64>
      <int64>23</int64>
      <int64>24</int64>
      <int64>25</int64>
      <int64>26</int64>
      <int64>27</int64>
      <int64>28</int64>
      <int64>29</int64>
      <int64>30</int64>
      <int64>31</int64>
      <int64>32</int64>
      <int64>33</int64>
      <int64>34</int64>
      <int64>35</int64>
      <int64>36</int64>
      <int64>37</int64>
      <int64>38</int64>
      <int64>39</int64>
      <int64>40</int64>
   </TaskList>
   <TaskRelationships />
   <OperatingRegion>17</OperatingRegion>
   <RedoAllTasks>false</RedoAllTasks>
</AutomationRequest>
    
