<EntityState Series="CMASI">
            <ID>2</ID>
            <u>0.0</u>
            <v>0.0</v>
            <w>0.0</w>
            <udot>0.0</udot>
            <vdot>0.0</vdot>
            <wdot>0.0</wdot>
            <Heading>0.0</Heading>
            <Pitch>0.0</Pitch>
            <Roll>0.0</Roll>
            <p>0.0</p>
            <q>0.0</q>
            <r>0.0</r>
            <Course>0.0</Course>
            <Groundspeed>0.0</Groundspeed>
            <Location>
                <Location3D Series="CMASI">
                    <Latitude>25.30820562715574</Latitude>
                    <Longitude>-80.58583249154124</Longitude>
                    <Altitude>0.0</Altitude>
                    <AltitudeType>AGL</AltitudeType>
                </Location3D>
            </Location>
            <EnergyAvailable>80.0</EnergyAvailable>
            <ActualEnergyRate>0.003</ActualEnergyRate>
            <PayloadStateList />
            <CurrentWaypoint>0</CurrentWaypoint>
            <CurrentCommand>0</CurrentCommand>
            <Mode>Waypoint</Mode>
            <AssociatedTasks />
            <Time>0</Time>
            <Info />
        </EntityState>
        
        
        