<ImpactPointSearchTask Series="IMPACT">
   <SearchLocationID>133</SearchLocationID>
   <SearchLocation />
   <StandoffDistance>0.0</StandoffDistance>
   <ViewAngleList />
   <DesiredWavelengthBands />
   <DwellTime>0</DwellTime>
   <GroundSampleDistance>0.0</GroundSampleDistance>
   <TaskID>33</TaskID>
   <Label>IPS33</Label>
   <EligibleEntities />
   <RevisitRate>0.0</RevisitRate>
   <Parameters />
   <Priority>0</Priority>
   <Required>true</Required>
   <DesiredAction>
      <LoiterAction Series="CMASI">
         <Location3D Series="CMASI">
            <Latitude>25.329151760019545</Latitude>
            <Longitude>-80.52222036521432</Longitude>
            <Altitude>0.0</Altitude>
            <AltitudeType>MSL</AltitudeType>
         </Location3D>
      </LoiterAction>
   </DesiredAction>
</ImpactPointSearchTask>

