<ImpactPointSearchTask Series="IMPACT">
   <SearchLocationID />
   <SearchLocation>
      <Location3D Series="CMASI">
         <Latitude>25.30197236843073</Latitude>
         <Longitude>-80.46763152931466</Longitude>
         <Altitude>0.0</Altitude>
         <AltitudeType>MSL</AltitudeType>
      </Location3D>
   </SearchLocation>
   <StandoffDistance>150.0</StandoffDistance>
   <ViewAngleList>
      <Wedge Series="CMASI">
         <AzimuthCenterline>45.0</AzimuthCenterline>
         <VerticalCenterline>-80.0</VerticalCenterline>
         <AzimuthExtent>15.0</AzimuthExtent>
         <VerticalExtent>10.0</VerticalExtent>
      </Wedge>
   </ViewAngleList>
   <DesiredWavelengthBands />
   <DwellTime>0</DwellTime>
   <GroundSampleDistance>0.0</GroundSampleDistance>
   <TaskID>35</TaskID>
   <Label />
   <EligibleEntities />
   <RevisitRate>0.0</RevisitRate>
   <Parameters />
   <Priority>0</Priority>
   <Required>true</Required>
   <DesiredAction>
      <LoiterAction Series="CMASI">
         <Location3D Series="CMASI">
            <Latitude>25.30253166819092</Latitude>
            <Longitude>-80.46921183253464</Longitude>
            <Altitude>0.0</Altitude>
            <AltitudeType>MSL</AltitudeType>
         </Location3D>
      </LoiterAction>
   </DesiredAction>
</ImpactPointSearchTask>
        
        
        
        
        
        
        
