<KeepInZone Series="CMASI">
            <ZoneID>11</ZoneID>
            <MinAltitude>0.0</MinAltitude>
            <MinAltitudeType>AGL</MinAltitudeType>
            <MaxAltitude>5000.0</MaxAltitude>
            <MaxAltitudeType>MSL</MaxAltitudeType>
            <AffectedAircraft />
            <StartTime>0</StartTime>
            <EndTime>0</EndTime>
            <Padding>0.0</Padding>
            <Label>KI11</Label>
            <Boundary>
                <Polygon Series="CMASI">
                    <BoundaryPoints>
                        <Location3D Series="CMASI">
                            <Latitude>25.339665420362188</Latitude>
                            <Longitude>-80.55911576560257</Longitude>
                            <Altitude>0.0</Altitude>
                            <AltitudeType>MSL</AltitudeType>
                        </Location3D>
                        <Location3D Series="CMASI">
                            <Latitude>25.327758498653186</Latitude>
                            <Longitude>-80.59742988754631</Longitude>
                            <Altitude>0.0</Altitude>
                            <AltitudeType>MSL</AltitudeType>
                        </Location3D>
                        <Location3D Series="CMASI">
                            <Latitude>25.27305742408959</Latitude>
                            <Longitude>-80.5981059206621</Longitude>
                            <Altitude>0.0</Altitude>
                            <AltitudeType>MSL</AltitudeType>
                        </Location3D>
                        <Location3D Series="CMASI">
                            <Latitude>25.25686101653727</Latitude>
                            <Longitude>-80.58255715899891</Longitude>
                            <Altitude>0.0</Altitude>
                            <AltitudeType>MSL</AltitudeType>
                        </Location3D>
                        <Location3D Series="CMASI">
                            <Latitude>25.226460439760746</Latitude>
                            <Longitude>-80.50038139066545</Longitude>
                            <Altitude>0.0</Altitude>
                            <AltitudeType>MSL</AltitudeType>
                        </Location3D>
                        <Location3D Series="CMASI">
                            <Latitude>25.222458984029764</Latitude>
                            <Longitude>-80.41629793484262</Longitude>
                            <Altitude>0.0</Altitude>
                            <AltitudeType>MSL</AltitudeType>
                        </Location3D>
                        <Location3D Series="CMASI">
                            <Latitude>25.307217091786043</Latitude>
                            <Longitude>-80.40543547882723</Longitude>
                            <Altitude>0.0</Altitude>
                            <AltitudeType>MSL</AltitudeType>
                        </Location3D>
                        <Location3D Series="CMASI">
                            <Latitude>25.31003412812423</Latitude>
                            <Longitude>-80.47337781079891</Longitude>
                            <Altitude>0.0</Altitude>
                            <AltitudeType>MSL</AltitudeType>
                        </Location3D>
                        <Location3D Series="CMASI">
                            <Latitude>25.341640667913936</Latitude>
                            <Longitude>-80.49260425846514</Longitude>
                            <Altitude>0.0</Altitude>
                            <AltitudeType>MSL</AltitudeType>
                        </Location3D>
                    </BoundaryPoints>
                </Polygon>
            </Boundary>
        </KeepInZone>
        