<LineSearchTask Series="CMASI">
            <PointList>
                <Location3D Series="CMASI">
                    <Latitude>25.273552257065283</Latitude>
                    <Longitude>-80.57681087751466</Longitude>
                    <Altitude>0.0</Altitude>
                    <AltitudeType>MSL</AltitudeType>
                </Location3D>
                <Location3D Series="CMASI">
                    <Latitude>25.275385812637246</Latitude>
                    <Longitude>-80.55754393371467</Longitude>
                    <Altitude>0.0</Altitude>
                    <AltitudeType>MSL</AltitudeType>
                </Location3D>
                <Location3D Series="CMASI">
                    <Latitude>25.278747331185848</Latitude>
                    <Longitude>-80.54605137074624</Longitude>
                    <Altitude>0.0</Altitude>
                    <AltitudeType>MSL</AltitudeType>
                </Location3D>
                <Location3D Series="CMASI">
                    <Latitude>25.28455359049707</Latitude>
                    <Longitude>-80.5359108740094</Longitude>
                    <Altitude>0.0</Altitude>
                    <AltitudeType>MSL</AltitudeType>
                </Location3D>
                <Location3D Series="CMASI">
                    <Latitude>25.28333122011576</Latitude>
                    <Longitude>-80.52610839383046</Longitude>
                    <Altitude>0.0</Altitude>
                    <AltitudeType>MSL</AltitudeType>
                </Location3D>
                <Location3D Series="CMASI">
                    <Latitude>25.27844173859052</Latitude>
                    <Longitude>-80.51934806267255</Longitude>
                    <Altitude>0.0</Altitude>
                    <AltitudeType>MSL</AltitudeType>
                </Location3D>
            </PointList>
            <ViewAngleList />
            <UseInertialViewAngles>false</UseInertialViewAngles>
            <DesiredWavelengthBands />
            <DwellTime>0</DwellTime>
            <GroundSampleDistance>0.0</GroundSampleDistance>
            <TaskID>27</TaskID>
            <Label>LS27</Label>
            <EligibleEntities />
            <RevisitRate>0.0</RevisitRate>
            <Parameters />
            <Priority>0</Priority>
            <Required>true</Required>
        </LineSearchTask>
        