<?xml version="1.0" ?>
<AMASE>
	<ScenarioData>
		<SimulationView Latitude="1.5152" LongExtent="0.06" Longitude="-132.5299"/>
	</ScenarioData>
	<ScenarioEventList>
		<AirVehicleConfiguration Series="CMASI">
			<ID>1</ID>
			<Affiliation>Unknown</Affiliation>
			<EntityType/>
			<Label>UAV1</Label>
			<NominalSpeed>27.5</NominalSpeed>
			<NominalAltitude>700.0</NominalAltitude>
			<NominalAltitudeType>AGL</NominalAltitudeType>
			<PayloadConfigurationList>
				<CameraConfiguration Series="CMASI">
					<PayloadID>10001</PayloadID>
					<PayloadKind/>
					<Parameters/>
					<SupportedWavelengthBand>AllAny</SupportedWavelengthBand>
					<FieldOfViewMode>Discrete</FieldOfViewMode>
					<MinHorizontalFieldOfView>0.11</MinHorizontalFieldOfView>
					<MaxHorizontalFieldOfView>45.0</MaxHorizontalFieldOfView>
					<DiscreteHorizontalFieldOfViewList>
						<real32>45.0</real32>
						<real32>22.0</real32>
						<real32>7.6</real32>
						<real32>3.7</real32>
						<real32>0.63</real32>
						<real32>0.11</real32>
					</DiscreteHorizontalFieldOfViewList>
					<VideoStreamHorizontalResolution>1024</VideoStreamHorizontalResolution>
					<VideoStreamVerticalResolution>768</VideoStreamVerticalResolution>
				</CameraConfiguration>
				<GimbalConfiguration Series="CMASI">
					<PayloadID>1001</PayloadID>
					<PayloadKind/>
					<Parameters/>
					<SupportedPointingModes>
						<GimbalPointingMode>AirVehicleRelativeAngle</GimbalPointingMode>
					</SupportedPointingModes>
					<MinAzimuth>-180.0</MinAzimuth>
					<MaxAzimuth>180.0</MaxAzimuth>
					<IsAzimuthClamped>False</IsAzimuthClamped>
					<MinElevation>-180.0</MinElevation>
					<MaxElevation>180.0</MaxElevation>
					<IsElevationClamped>False</IsElevationClamped>
					<MinRotation>-180.0</MinRotation>
					<MaxRotation>180.0</MaxRotation>
					<IsRotationClamped>False</IsRotationClamped>
					<MaxAzimuthSlewRate>30.0</MaxAzimuthSlewRate>
					<MaxElevationSlewRate>30.0</MaxElevationSlewRate>
					<MaxRotationRate>30.0</MaxRotationRate>
					<ContainedPayloadList>
						<int64>10001</int64>
					</ContainedPayloadList>
				</GimbalConfiguration>
			</PayloadConfigurationList>
			<Info/>
			<MinimumSpeed>15.0</MinimumSpeed>
			<MaximumSpeed>35.0</MaximumSpeed>
			<NominalFlightProfile>
				<FlightProfile Series="CMASI">
					<Name>Cruise</Name>
					<Airspeed>27.5</Airspeed>
					<PitchAngle>0.0</PitchAngle>
					<VerticalSpeed>0.0</VerticalSpeed>
					<MaxBankAngle>30.0</MaxBankAngle>
					<EnergyRate>0.02</EnergyRate>
				</FlightProfile>
			</NominalFlightProfile>
			<AlternateFlightProfiles/>
			<AvailableLoiterTypes/>
			<AvailableTurnTypes/>
			<MinimumAltitude>0.0</MinimumAltitude>
			<MinAltitudeType>AGL</MinAltitudeType>
			<MaximumAltitude>1000000.0</MaximumAltitude>
			<MaxAltitudeType>MSL</MaxAltitudeType>
		</AirVehicleConfiguration>
		<AirVehicleState Series="CMASI">
			<ID>1</ID>
			<u>0</u>
			<v>0</v>
			<w>0</w>
			<udot>0</udot>
			<vdot>0</vdot>
			<wdot>0</wdot>
			<Heading>0</Heading>
			<Pitch>0</Pitch>
			<Roll>0</Roll>
			<p>0</p>
			<q>0</q>
			<r>0</r>
			<Course>0</Course>
			<Groundspeed>0</Groundspeed>
			<Location>
				<Location3D Series="CMASI">
					<Latitude>1.5152</Latitude>
					<Longitude>-132.5299</Longitude>
					<Altitude>700.0</Altitude>
					<AltitudeType>MSL</AltitudeType>
				</Location3D>
			</Location>
			<EnergyAvailable>100.0</EnergyAvailable>
			<ActualEnergyRate>0</ActualEnergyRate>
			<PayloadStateList>
				<CameraState Series="CMASI">
					<PayloadID>10001</PayloadID>
					<Parameters/>
					<PointingMode>Unknown</PointingMode>
					<Azimuth>0</Azimuth>
					<Elevation>0</Elevation>
					<Rotation>0</Rotation>
					<HorizontalFieldOfView>20.0</HorizontalFieldOfView>
					<VerticalFieldOfView>0</VerticalFieldOfView>
					<Footprint/>
					<Centerpoint>
						<null/>
					</Centerpoint>
				</CameraState>
				<GimbalState Series="CMASI">
					<PayloadID>1001</PayloadID>
					<Parameters/>
					<PointingMode>AirVehicleRelativeAngle</PointingMode>
					<Azimuth>0.0</Azimuth>
					<Elevation>-45.0</Elevation>
					<Rotation>0.0</Rotation>
				</GimbalState>
			</PayloadStateList>
			<CurrentWaypoint>0</CurrentWaypoint>
			<CurrentCommand>0</CurrentCommand>
			<Mode>Waypoint</Mode>
			<AssociatedTasks/>
			<Time>0</Time>
			<Info/>
			<Airspeed>27.5</Airspeed>
			<VerticalSpeed>0</VerticalSpeed>
			<WindSpeed>0</WindSpeed>
			<WindDirection>0</WindDirection>
		</AirVehicleState>
		<AirVehicleConfiguration Series="CMASI">
			<ID>2</ID>
			<Affiliation>Unknown</Affiliation>
			<EntityType/>
			<Label>UAV2</Label>
			<NominalSpeed>30.0</NominalSpeed>
			<NominalAltitude>500.0</NominalAltitude>
			<NominalAltitudeType>AGL</NominalAltitudeType>
			<PayloadConfigurationList>
				<CameraConfiguration Series="CMASI">
					<PayloadID>10002</PayloadID>
					<PayloadKind/>
					<Parameters/>
					<SupportedWavelengthBand>EO</SupportedWavelengthBand>
					<FieldOfViewMode>Continuous</FieldOfViewMode>
					<MinHorizontalFieldOfView>5.0</MinHorizontalFieldOfView>
					<MaxHorizontalFieldOfView>50.0</MaxHorizontalFieldOfView>
					<DiscreteHorizontalFieldOfViewList/>
					<VideoStreamHorizontalResolution>1024</VideoStreamHorizontalResolution>
					<VideoStreamVerticalResolution>768</VideoStreamVerticalResolution>
				</CameraConfiguration>
				<GimbalConfiguration Series="CMASI">
					<PayloadID>1002</PayloadID>
					<PayloadKind/>
					<Parameters/>
					<SupportedPointingModes>
						<GimbalPointingMode>AirVehicleRelativeAngle</GimbalPointingMode>
					</SupportedPointingModes>
					<MinAzimuth>-180.0</MinAzimuth>
					<MaxAzimuth>180.0</MaxAzimuth>
					<IsAzimuthClamped>False</IsAzimuthClamped>
					<MinElevation>-180.0</MinElevation>
					<MaxElevation>180.0</MaxElevation>
					<IsElevationClamped>False</IsElevationClamped>
					<MinRotation>-180.0</MinRotation>
					<MaxRotation>180.0</MaxRotation>
					<IsRotationClamped>False</IsRotationClamped>
					<MaxAzimuthSlewRate>45.0</MaxAzimuthSlewRate>
					<MaxElevationSlewRate>45.0</MaxElevationSlewRate>
					<MaxRotationRate>45.0</MaxRotationRate>
					<ContainedPayloadList>
						<int64>10002</int64>
					</ContainedPayloadList>
				</GimbalConfiguration>
			</PayloadConfigurationList>
			<Info/>
			<MinimumSpeed>10.0</MinimumSpeed>
			<MaximumSpeed>40.0</MaximumSpeed>
			<NominalFlightProfile>
				<FlightProfile Series="CMASI">
					<Name>Cruise</Name>
					<Airspeed>30.0</Airspeed>
					<PitchAngle>0.0</PitchAngle>
					<VerticalSpeed>0.0</VerticalSpeed>
					<MaxBankAngle>30.0</MaxBankAngle>
					<EnergyRate>0.03</EnergyRate>
				</FlightProfile>
			</NominalFlightProfile>
			<AlternateFlightProfiles>
				<FlightProfile Series="CMASI">
					<Name>Climb</Name>
					<Airspeed>25.0</Airspeed>
					<PitchAngle>10.0</PitchAngle>
					<VerticalSpeed>5.0</VerticalSpeed>
					<MaxBankAngle>30.0</MaxBankAngle>
					<EnergyRate>0.1</EnergyRate>
				</FlightProfile>
				<FlightProfile Series="CMASI">
					<Name>Descent</Name>
					<Airspeed>25.0</Airspeed>
					<PitchAngle>-5.0</PitchAngle>
					<VerticalSpeed>-5.0</VerticalSpeed>
					<MaxBankAngle>30.0</MaxBankAngle>
					<EnergyRate>0.005</EnergyRate>
				</FlightProfile>
				<FlightProfile Series="CMASI">
					<Name>Loiter</Name>
					<Airspeed>20.0</Airspeed>
					<PitchAngle>5.0</PitchAngle>
					<VerticalSpeed>0.0</VerticalSpeed>
					<MaxBankAngle>30.0</MaxBankAngle>
					<EnergyRate>0.025</EnergyRate>
				</FlightProfile>
				<FlightProfile Series="CMASI">
					<Name>Dash</Name>
					<Airspeed>35.0</Airspeed>
					<PitchAngle>-2.0</PitchAngle>
					<VerticalSpeed>0.0</VerticalSpeed>
					<MaxBankAngle>30.0</MaxBankAngle>
					<EnergyRate>0.1</EnergyRate>
				</FlightProfile>
			</AlternateFlightProfiles>
			<AvailableLoiterTypes/>
			<AvailableTurnTypes/>
			<MinimumAltitude>0.0</MinimumAltitude>
			<MinAltitudeType>AGL</MinAltitudeType>
			<MaximumAltitude>1000000.0</MaximumAltitude>
			<MaxAltitudeType>MSL</MaxAltitudeType>
		</AirVehicleConfiguration>
		<AirVehicleState Series="CMASI">
			<ID>2</ID>
			<u>0</u>
			<v>0</v>
			<w>0</w>
			<udot>0</udot>
			<vdot>0</vdot>
			<wdot>0</wdot>
			<Heading>0</Heading>
			<Pitch>0</Pitch>
			<Roll>0</Roll>
			<p>0</p>
			<q>0</q>
			<r>0</r>
			<Course>0</Course>
			<Groundspeed>0</Groundspeed>
			<Location>
				<Location3D Series="CMASI">
					<Latitude>1.5152</Latitude>
					<Longitude>-132.5405</Longitude>
					<Altitude>500.0</Altitude>
					<AltitudeType>MSL</AltitudeType>
				</Location3D>
			</Location>
			<EnergyAvailable>100.0</EnergyAvailable>
			<ActualEnergyRate>0</ActualEnergyRate>
			<PayloadStateList>
				<CameraState Series="CMASI">
					<PayloadID>10002</PayloadID>
					<Parameters/>
					<PointingMode>Unknown</PointingMode>
					<Azimuth>0</Azimuth>
					<Elevation>0</Elevation>
					<Rotation>0</Rotation>
					<HorizontalFieldOfView>25.0</HorizontalFieldOfView>
					<VerticalFieldOfView>0</VerticalFieldOfView>
					<Footprint/>
					<Centerpoint>
						<null/>
					</Centerpoint>
				</CameraState>
				<GimbalState Series="CMASI">
					<PayloadID>1002</PayloadID>
					<Parameters/>
					<PointingMode>AirVehicleRelativeAngle</PointingMode>
					<Azimuth>-70.0</Azimuth>
					<Elevation>-70.0</Elevation>
					<Rotation>0.0</Rotation>
				</GimbalState>
			</PayloadStateList>
			<CurrentWaypoint>0</CurrentWaypoint>
			<CurrentCommand>0</CurrentCommand>
			<Mode>Waypoint</Mode>
			<AssociatedTasks/>
			<Time>0</Time>
			<Info/>
			<Airspeed>30.0</Airspeed>
			<VerticalSpeed>0</VerticalSpeed>
			<WindSpeed>0</WindSpeed>
			<WindDirection>0</WindDirection>
		</AirVehicleState>
		<AirVehicleConfiguration Series="CMASI">
			<ID>3</ID>
			<Affiliation>Unknown</Affiliation>
			<EntityType/>
			<Label>UAV3</Label>
			<NominalSpeed>30.0</NominalSpeed>
			<NominalAltitude>500.0</NominalAltitude>
			<NominalAltitudeType>AGL</NominalAltitudeType>
			<PayloadConfigurationList>
				<CameraConfiguration Series="CMASI">
					<PayloadID>10003</PayloadID>
					<PayloadKind/>
					<Parameters/>
					<SupportedWavelengthBand>AllAny</SupportedWavelengthBand>
					<FieldOfViewMode>Discrete</FieldOfViewMode>
					<MinHorizontalFieldOfView>0.11</MinHorizontalFieldOfView>
					<MaxHorizontalFieldOfView>45.0</MaxHorizontalFieldOfView>
					<DiscreteHorizontalFieldOfViewList>
						<real32>45.0</real32>
						<real32>22.0</real32>
						<real32>7.6</real32>
						<real32>3.7</real32>
						<real32>0.63</real32>
						<real32>0.11</real32>
					</DiscreteHorizontalFieldOfViewList>
					<VideoStreamHorizontalResolution>1024</VideoStreamHorizontalResolution>
					<VideoStreamVerticalResolution>768</VideoStreamVerticalResolution>
				</CameraConfiguration>
				<GimbalConfiguration Series="CMASI">
					<PayloadID>1003</PayloadID>
					<PayloadKind/>
					<Parameters/>
					<SupportedPointingModes/>
					<MinAzimuth>-180.0</MinAzimuth>
					<MaxAzimuth>180.0</MaxAzimuth>
					<IsAzimuthClamped>False</IsAzimuthClamped>
					<MinElevation>-180.0</MinElevation>
					<MaxElevation>180.0</MaxElevation>
					<IsElevationClamped>False</IsElevationClamped>
					<MinRotation>-180.0</MinRotation>
					<MaxRotation>180.0</MaxRotation>
					<IsRotationClamped>False</IsRotationClamped>
					<MaxAzimuthSlewRate>30.0</MaxAzimuthSlewRate>
					<MaxElevationSlewRate>30.0</MaxElevationSlewRate>
					<MaxRotationRate>30.0</MaxRotationRate>
					<ContainedPayloadList>
						<int64>10003</int64>
					</ContainedPayloadList>
				</GimbalConfiguration>
			</PayloadConfigurationList>
			<Info/>
			<MinimumSpeed>15.0</MinimumSpeed>
			<MaximumSpeed>35.0</MaximumSpeed>
			<NominalFlightProfile>
				<FlightProfile Series="CMASI">
					<Name>Cruise</Name>
					<Airspeed>30.0</Airspeed>
					<PitchAngle>0.0</PitchAngle>
					<VerticalSpeed>0.0</VerticalSpeed>
					<MaxBankAngle>30.0</MaxBankAngle>
					<EnergyRate>0.05</EnergyRate>
				</FlightProfile>
			</NominalFlightProfile>
			<AlternateFlightProfiles>
				<FlightProfile Series="CMASI">
					<Name>Climb</Name>
					<Airspeed>25.0</Airspeed>
					<PitchAngle>10.0</PitchAngle>
					<VerticalSpeed>5.0</VerticalSpeed>
					<MaxBankAngle>30.0</MaxBankAngle>
					<EnergyRate>0.1</EnergyRate>
				</FlightProfile>
				<FlightProfile Series="CMASI">
					<Name>Descent</Name>
					<Airspeed>25.0</Airspeed>
					<PitchAngle>-5.0</PitchAngle>
					<VerticalSpeed>-5.0</VerticalSpeed>
					<MaxBankAngle>30.0</MaxBankAngle>
					<EnergyRate>0.005</EnergyRate>
				</FlightProfile>
				<FlightProfile Series="CMASI">
					<Name>Loiter</Name>
					<Airspeed>20.0</Airspeed>
					<PitchAngle>5.0</PitchAngle>
					<VerticalSpeed>0.0</VerticalSpeed>
					<MaxBankAngle>30.0</MaxBankAngle>
					<EnergyRate>0.025</EnergyRate>
				</FlightProfile>
				<FlightProfile Series="CMASI">
					<Name>Dash</Name>
					<Airspeed>35.0</Airspeed>
					<PitchAngle>-2.0</PitchAngle>
					<VerticalSpeed>0.0</VerticalSpeed>
					<MaxBankAngle>30.0</MaxBankAngle>
					<EnergyRate>0.1</EnergyRate>
				</FlightProfile>
			</AlternateFlightProfiles>
			<AvailableLoiterTypes>
				<LoiterType>Circular</LoiterType>
				<LoiterType>Racetrack</LoiterType>
				<LoiterType>FigureEight</LoiterType>
			</AvailableLoiterTypes>
			<AvailableTurnTypes>
				<TurnType>TurnShort</TurnType>
				<TurnType>FlyOver</TurnType>
			</AvailableTurnTypes>
			<MinimumAltitude>0.0</MinimumAltitude>
			<MinAltitudeType>AGL</MinAltitudeType>
			<MaximumAltitude>1000000.0</MaximumAltitude>
			<MaxAltitudeType>MSL</MaxAltitudeType>
		</AirVehicleConfiguration>
		<AirVehicleState Series="CMASI">
			<ID>3</ID>
			<u>0.0</u>
			<v>0.0</v>
			<w>0.0</w>
			<udot>0.0</udot>
			<vdot>0.0</vdot>
			<wdot>0.0</wdot>
			<Heading>0.0</Heading>
			<Pitch>0.0</Pitch>
			<Roll>0.0</Roll>
			<p>0.0</p>
			<q>0.0</q>
			<r>0.0</r>
			<Course>0</Course>
			<Groundspeed>0</Groundspeed>
			<Location>
				<Location3D Series="CMASI">
					<Latitude>1.5052</Latitude>
					<Longitude>-132.5352</Longitude>
					<Altitude>500.0</Altitude>
					<AltitudeType>MSL</AltitudeType>
				</Location3D>
			</Location>
			<EnergyAvailable>100.0</EnergyAvailable>
			<ActualEnergyRate>0.0</ActualEnergyRate>
			<PayloadStateList>
				<CameraState Series="CMASI">
					<PayloadID>10003</PayloadID>
					<Parameters/>
					<PointingMode>Unknown</PointingMode>
					<Azimuth>0.0</Azimuth>
					<Elevation>0.0</Elevation>
					<Rotation>0.0</Rotation>
					<HorizontalFieldOfView>20.0</HorizontalFieldOfView>
					<VerticalFieldOfView>0.0</VerticalFieldOfView>
					<Footprint/>
					<Centerpoint>
						<null/>
					</Centerpoint>
				</CameraState>
				<GimbalState Series="CMASI">
					<PayloadID>1003</PayloadID>
					<Parameters/>
					<PointingMode>AirVehicleRelativeAngle</PointingMode>
					<Azimuth>0.0</Azimuth>
					<Elevation>-45.0</Elevation>
					<Rotation>0.0</Rotation>
				</GimbalState>
			</PayloadStateList>
			<CurrentWaypoint>0</CurrentWaypoint>
			<CurrentCommand>0</CurrentCommand>
			<Mode>Waypoint</Mode>
			<AssociatedTasks/>
			<Time>0</Time>
			<Info/>
			<Airspeed>30.0</Airspeed>
			<VerticalSpeed>0.0</VerticalSpeed>
			<WindSpeed>0.0</WindSpeed>
			<WindDirection>0.0</WindDirection>
		</AirVehicleState>
		<MissionCommand Series="CMASI" Time="2.0">
			<CommandID>11</CommandID>
			<VehicleID>1</VehicleID>
			<VehicleActionList/>
			<Status>Pending</Status>
			<WaypointList>
				<Waypoint Series="CMASI">
					<Latitude>1.5109</Latitude>
					<Longitude>-132.5383</Longitude>
					<Altitude>700.0</Altitude>
					<AltitudeType>MSL</AltitudeType>
					<Number>101</Number>
					<NextWaypoint>102</NextWaypoint>
					<Speed>25.0</Speed>
					<SpeedType>Airspeed</SpeedType>
					<ClimbRate>0</ClimbRate>
					<TurnType>TurnShort</TurnType>
					<VehicleActionList/>
					<ContingencyWaypointA>0</ContingencyWaypointA>
					<ContingencyWaypointB>0</ContingencyWaypointB>
					<AssociatedTasks/>
				</Waypoint>
				<Waypoint Series="CMASI">
					<Latitude>1.5169</Latitude>
					<Longitude>-132.5455</Longitude>
					<Altitude>700.0</Altitude>
					<AltitudeType>MSL</AltitudeType>
					<Number>102</Number>
					<NextWaypoint>101</NextWaypoint>
					<Speed>25.0</Speed>
					<SpeedType>Airspeed</SpeedType>
					<ClimbRate>0</ClimbRate>
					<TurnType>TurnShort</TurnType>
					<VehicleActionList/>
					<ContingencyWaypointA>0</ContingencyWaypointA>
					<ContingencyWaypointB>0</ContingencyWaypointB>
					<AssociatedTasks/>
				</Waypoint>
			</WaypointList>
			<FirstWaypoint>101</FirstWaypoint>
		</MissionCommand>
		<VehicleActionCommand Series="CMASI" Time="3.0">
			<CommandID>12</CommandID>
			<VehicleID>1</VehicleID>
			<VehicleActionList>
				<GimbalStareAction Series="CMASI">
					<AssociatedTaskList/>
					<PayloadID>1001</PayloadID>
					<Starepoint>
						<Location3D Series="CMASI">
							<Latitude>1.5147</Latitude>
							<Longitude>-132.5405</Longitude>
							<Altitude>0</Altitude>
							<AltitudeType>MSL</AltitudeType>
						</Location3D>
					</Starepoint>
					<Duration>0</Duration>
				</GimbalStareAction>
			</VehicleActionList>
			<Status>Pending</Status>
		</VehicleActionCommand>
		<MissionCommand Series="CMASI" Time="5.0">
			<CommandID>21</CommandID>
			<VehicleID>2</VehicleID>
			<VehicleActionList/>
			<Status>Pending</Status>
			<WaypointList>
				<Waypoint Series="CMASI">
					<Latitude>1.5217</Latitude>
					<Longitude>-132.5349</Longitude>
					<Altitude>600.0</Altitude>
					<AltitudeType>MSL</AltitudeType>
					<Number>201</Number>
					<NextWaypoint>202</NextWaypoint>
					<Speed>30.0</Speed>
					<SpeedType>Airspeed</SpeedType>
					<ClimbRate>0</ClimbRate>
					<TurnType>TurnShort</TurnType>
					<VehicleActionList/>
					<ContingencyWaypointA>0</ContingencyWaypointA>
					<ContingencyWaypointB>0</ContingencyWaypointB>
					<AssociatedTasks/>
				</Waypoint>
				<Waypoint Series="CMASI">
					<Latitude>1.5236</Latitude>
					<Longitude>-132.5274</Longitude>
					<Altitude>600.0</Altitude>
					<AltitudeType>MSL</AltitudeType>
					<Number>202</Number>
					<NextWaypoint>203</NextWaypoint>
					<Speed>0</Speed>
					<SpeedType>Airspeed</SpeedType>
					<ClimbRate>0</ClimbRate>
					<TurnType>TurnShort</TurnType>
					<VehicleActionList/>
					<ContingencyWaypointA>0</ContingencyWaypointA>
					<ContingencyWaypointB>0</ContingencyWaypointB>
					<AssociatedTasks/>
				</Waypoint>
				<Waypoint Series="CMASI">
					<Latitude>1.5158</Latitude>
					<Longitude>-132.5203</Longitude>
					<Altitude>600.0</Altitude>
					<AltitudeType>MSL</AltitudeType>
					<Number>203</Number>
					<NextWaypoint>204</NextWaypoint>
					<Speed>20.0</Speed>
					<SpeedType>Airspeed</SpeedType>
					<ClimbRate>0</ClimbRate>
					<TurnType>TurnShort</TurnType>
					<VehicleActionList/>
					<ContingencyWaypointA>0</ContingencyWaypointA>
					<ContingencyWaypointB>0</ContingencyWaypointB>
					<AssociatedTasks/>
				</Waypoint>
				<Waypoint Series="CMASI">
					<Latitude>1.5111</Latitude>
					<Longitude>-132.5306</Longitude>
					<Altitude>600.0</Altitude>
					<AltitudeType>MSL</AltitudeType>
					<Number>204</Number>
					<NextWaypoint>205</NextWaypoint>
					<Speed>30.0</Speed>
					<SpeedType>Airspeed</SpeedType>
					<ClimbRate>0</ClimbRate>
					<TurnType>TurnShort</TurnType>
					<VehicleActionList/>
					<ContingencyWaypointA>0</ContingencyWaypointA>
					<ContingencyWaypointB>0</ContingencyWaypointB>
					<AssociatedTasks/>
				</Waypoint>
				<Waypoint Series="CMASI">
					<Latitude>1.519</Latitude>
					<Longitude>-132.5299</Longitude>
					<Altitude>600.0</Altitude>
					<AltitudeType>MSL</AltitudeType>
					<Number>205</Number>
					<NextWaypoint>201</NextWaypoint>
					<Speed>20.0</Speed>
					<SpeedType>Airspeed</SpeedType>
					<ClimbRate>0</ClimbRate>
					<TurnType>TurnShort</TurnType>
					<VehicleActionList/>
					<ContingencyWaypointA>0</ContingencyWaypointA>
					<ContingencyWaypointB>0</ContingencyWaypointB>
					<AssociatedTasks/>
				</Waypoint>
			</WaypointList>
			<FirstWaypoint>205</FirstWaypoint>
		</MissionCommand>
		<VehicleActionCommand Series="CMASI" Time="7.0">
			<CommandID>31</CommandID>
			<VehicleID>3</VehicleID>
			<VehicleActionList>
				<LoiterAction Series="CMASI">
					<AssociatedTaskList/>
					<LoiterType>FigureEight</LoiterType>
					<Radius>0</Radius>
					<Axis>45.0</Axis>
					<Length>600.0</Length>
					<Direction>Clockwise</Direction>
					<Duration>-1</Duration>
					<Airspeed>20.0</Airspeed>
					<Location>
						<Location3D Series="CMASI">
							<Latitude>1.5007</Latitude>
							<Longitude>-132.5233</Longitude>
							<Altitude>400.0</Altitude>
							<AltitudeType>MSL</AltitudeType>
						</Location3D>
					</Location>
				</LoiterAction>
			</VehicleActionList>
			<Status>Pending</Status>
		</VehicleActionCommand>
	</ScenarioEventList>
</AMASE>
