<?xml version="1.0"?>
<KeepOutZone Series="CMASI">
  <ZoneType>Physical</ZoneType>
  <ZoneID>14</ZoneID>
  <MinAltitude>0.0</MinAltitude>
  <MinAltitudeType>AGL</MinAltitudeType>
  <MaxAltitude>5000.0</MaxAltitude>
  <MaxAltitudeType>MSL</MaxAltitudeType>
  <AffectedAircraft/>
  <StartTime>0</StartTime>
  <EndTime>0</EndTime>
  <Padding>0.0</Padding>
  <Label>KO14</Label>
  <Boundary>
    <Polygon Series="CMASI">
      <BoundaryPoints>
        <Location3D Series="CMASI">
          <Latitude>25.302277961026064</Latitude>
          <Longitude>-80.56160013240945</Longitude>
          <Altitude>0.0</Altitude>
          <AltitudeType>MSL</AltitudeType>
        </Location3D>
        <Location3D Series="CMASI">
          <Latitude>25.30747303514663</Latitude>
          <Longitude>-80.5460513707463</Longitude>
          <Altitude>0.0</Altitude>
          <AltitudeType>MSL</AltitudeType>
        </Location3D>
        <Location3D Series="CMASI">
          <Latitude>25.298916442477463</Latitude>
          <Longitude>-80.5325307084305</Longitude>
          <Altitude>0.0</Altitude>
          <AltitudeType>MSL</AltitudeType>
        </Location3D>
        <Location3D Series="CMASI">
          <Latitude>25.29219340538026</Latitude>
          <Longitude>-80.54334723828313</Longitude>
          <Altitude>0.0</Altitude>
          <AltitudeType>MSL</AltitudeType>
        </Location3D>
        <Location3D Series="CMASI">
          <Latitude>25.291887812784935</Latitude>
          <Longitude>-80.55686790059893</Longitude>
          <Altitude>0.0</Altitude>
          <AltitudeType>MSL</AltitudeType>
        </Location3D>
      </BoundaryPoints>
    </Polygon>
  </Boundary>
</KeepOutZone>
