<?xml version="1.0"?>
<KeepInZone Series="CMASI">
  <ZoneID>13</ZoneID>
  <MinAltitude>0.0</MinAltitude>
  <MinAltitudeType>AGL</MinAltitudeType>
  <MaxAltitude>5000.0</MaxAltitude>
  <MaxAltitudeType>MSL</MaxAltitudeType>
  <AffectedAircraft/>
  <StartTime>0</StartTime>
  <EndTime>0</EndTime>
  <Padding>0.0</Padding>
  <Label/>
  <Boundary>
    <Rectangle Series="CMASI">
      <CenterPoint>
        <Location3D Series="CMASI">
          <Latitude>25.241434309213446</Latitude>
          <Longitude>-80.55751729654025</Longitude>
          <Altitude>0.0</Altitude>
          <AltitudeType>MSL</AltitudeType>
        </Location3D>
      </CenterPoint>
      <Width>6688.0815</Width>
      <Height>3873.9412</Height>
      <Rotation>0.0</Rotation>
    </Rectangle>
  </Boundary>
</KeepInZone>
