<?xml version="1.0"?>
<KeepInZone Series="CMASI">
  <ZoneID>12</ZoneID>
  <MinAltitude>0.0</MinAltitude>
  <MinAltitudeType>AGL</MinAltitudeType>
  <MaxAltitude>5000.0</MaxAltitude>
  <MaxAltitudeType>MSL</MaxAltitudeType>
  <AffectedAircraft/>
  <StartTime>0</StartTime>
  <EndTime>0</EndTime>
  <Padding>0.0</Padding>
  <Label>KI12</Label>
  <Boundary>
    <Circle Series="CMASI">
      <CenterPoint>
        <Location3D Series="CMASI">
          <Latitude>25.322322510118486</Latitude>
          <Longitude>-80.46352573036424</Longitude>
          <Altitude>0.0</Altitude>
          <AltitudeType>MSL</AltitudeType>
        </Location3D>
      </CenterPoint>
      <Radius>2979.7583</Radius>
    </Circle>
  </Boundary>
</KeepInZone>
