<?xml version="1.0"?>
<KeepOutZone Series="CMASI">
  <ZoneType>Physical</ZoneType>
  <ZoneID>16</ZoneID>
  <MinAltitude>0.0</MinAltitude>
  <MinAltitudeType>AGL</MinAltitudeType>
  <MaxAltitude>5000.0</MaxAltitude>
  <MaxAltitudeType>MSL</MaxAltitudeType>
  <AffectedAircraft/>
  <StartTime>0</StartTime>
  <EndTime>0</EndTime>
  <Padding>0.0</Padding>
  <Label/>
  <Boundary>
    <Rectangle Series="CMASI">
      <CenterPoint>
        <Location3D Series="CMASI">
          <Latitude>25.318779961173732</Latitude>
          <Longitude>-80.49636293673572</Longitude>
          <Altitude>0.0</Altitude>
          <AltitudeType>MSL</AltitudeType>
        </Location3D>
      </CenterPoint>
      <Width>2790.8071</Width>
      <Height>1356.1742</Height>
      <Rotation>0.0</Rotation>
    </Rectangle>
  </Boundary>
</KeepOutZone>
