<?xml version="1.0"?>
<KeepOutZone Series="CMASI">
  <ZoneType>Physical</ZoneType>
  <ZoneID>15</ZoneID>
  <MinAltitude>0.0</MinAltitude>
  <MinAltitudeType>AGL</MinAltitudeType>
  <MaxAltitude>5000.0</MaxAltitude>
  <MaxAltitudeType>MSL</MaxAltitudeType>
  <AffectedAircraft/>
  <StartTime>0</StartTime>
  <EndTime>0</EndTime>
  <Padding>0.0</Padding>
  <Label>KO15</Label>
  <Boundary>
    <Circle Series="CMASI">
      <CenterPoint>
        <Location3D Series="CMASI">
          <Latitude>25.24818807165311</Latitude>
          <Longitude>-80.50582740035676</Longitude>
          <Altitude>0.0</Altitude>
          <AltitudeType>MSL</AltitudeType>
        </Location3D>
      </CenterPoint>
      <Radius>1063.0575</Radius>
    </Circle>
  </Boundary>
</KeepOutZone>
