<?xml version="1.0"?>
<PointSearchTask Series="CMASI">
  <SearchLocation>
    <Location3D Series="CMASI">
      <Latitude>25.311507401848488</Latitude>
      <Longitude>-80.45183768569947</Longitude>
      <Altitude>0.0</Altitude>
      <AltitudeType>MSL</AltitudeType>
    </Location3D>
  </SearchLocation>
  <StandoffDistance>0.0</StandoffDistance>
  <ViewAngleList/>
  <DesiredWavelengthBands/>
  <DwellTime>0</DwellTime>
  <GroundSampleDistance>0.0</GroundSampleDistance>
  <TaskID>32</TaskID>
  <Label/>
  <EligibleEntities/>
  <RevisitRate>0.0</RevisitRate>
  <Parameters/>
  <Priority>0</Priority>
  <Required>true</Required>
</PointSearchTask>
