<?xml version="1.0" ?>

<WindowService>
  <Window>
    <!--Shows the menu bar.-->
    <showMenuBar>true</showMenuBar>
    <!--Shows a toolbar.-->
    <showToolBar>false</showToolBar>
    <!--Sets the orientation of the toolbar.  [North, West, East]-->
    <toolbarPlacement>North</toolbarPlacement>
    <!--Shows a status bar at the bottom of the window.-->
    <showStatusBar>true</showStatusBar>
    <!--The baseline title that is shown in the title bar.-->
    <baseTitle>AMASE</baseTitle>
    <!--Preferred Width of window.-->
    <width>577</width>
    <!--Preferred Height of window.-->
    <height>442</height>
    <!--An Icon to show.  Specify the path using java classpath URL conventions.-->
    <icon>/resources/amase.png</icon>
    <!--x coordinate of the top left corner of the window.-->
    <x>598</x>
    <!--y coordinate of the top left corner of the window.-->
    <y>122</y>
    <!--If true, the window fills the screen-->
    <fullscreen>false</fullscreen>
  </Window>
  <!--Automatically generated layout information.  Do not edit by hand.-->
  <Layout>
    <PerspectiveModel currentPerspectiveId="default" defaultPerspectiveId="default">
      <Perspective id="default" name="default">
        <Layout>
          <DockingPortNode>
            <SplitNode dockingRegion="south" orientation="vertical" percentage="1.0" region="left">
              <DockingPortNode>
                <DockableNode dockableId="amase.examples.SamplePlugin"/>
              </DockingPortNode>
              <DockingPortNode/>
            </SplitNode>
          </DockingPortNode>
        </Layout>
      </Perspective>
    </PerspectiveModel>
  </Layout>
</WindowService>
