<?xml version="1.0" encoding="UTF-8" standalone="yes"?>
<UxAS FormatVersion="1.0" EntityID="100" EntityType="Aircraft">

  <Bridge Type="LmcpObjectNetworkTcpBridge" TcpAddress="tcp://127.0.0.1:5555" Server="FALSE">
    <SubscribeToMessage MessageType="afrl.cmasi.MissionCommand"/>
    <SubscribeToMessage MessageType="afrl.impact.LineSearchTask"/>
    <SubscribeToMessage MessageType="afrl.cmasi.VehicleActionCommand"/>
  </Bridge>

  <Service Type="TaskManagerService"/>
  <Service Type="AutomationRequestValidatorService"/>
  <Service Type="RoutePlannerVisibilityService" TurnRadiusOffset_m="0.0" MinimumWaypointSeparation_m="50.0"/>
  <Service Type="RouteAggregatorService"/>
  <Service Type="AssignmentTreeBranchBoundService" NumberNodesMaximum="0" CostFunction="MINMAX"/>
  <Service Type="AutomationDiagramDataService"/>
  <Service Type="Test_SimulationTime"/>
  <Service Type="PlanBuilderService" AssignmentStartPointLead_m="0.0"/>
  <Service Type="WaypointPlanManagerService" VehicleID="101" NumberWaypointsToServe="512" NumberWaypointsOverlap="5" param.turnType="FlyOver" GimbalPayloadId="1"/>
  <Service Type="WaypointPlanManagerService" VehicleID="102" NumberWaypointsToServe="512" NumberWaypointsOverlap="5" param.turnType="FlyOver" GimbalPayloadId="2"/>
  <Service Type="WaypointPlanManagerService" VehicleID="103" NumberWaypointsToServe="512" NumberWaypointsOverlap="5" param.turnType="FlyOver" GimbalPayloadId="3"/>

  <Service Type="SensorManagerService"/>

  <Service Type="SendMessagesService" PathToMessageFiles="../MessagesToSend/">
    <Message MessageFileName="AirVehicleConfiguration_V101.xml" SendTime_ms="100"/>
    <Message MessageFileName="AirVehicleState_V101.xml" SendTime_ms="100"/>
    
    <Message MessageFileName="AirVehicleConfiguration_V102.xml" SendTime_ms="200"/>
    <Message MessageFileName="AirVehicleState_V102.xml" SendTime_ms="200"/>
    
    <Message MessageFileName="AirVehicleConfiguration_V103.xml" SendTime_ms="300"/>
    <Message MessageFileName="AirVehicleState_V103.xml" SendTime_ms="300"/>
    
    <Message MessageFileName="LineOfInterest_1.xml" SendTime_ms="1000"/>

    <Message MessageFileName="ImpactLineSearchTask_100.xml" SendTime_ms="2000"/>
    <Message MessageFileName="AutomationRequest_LineSearchTask.xml" SendTime_ms="2500"/>
    
    <Message MessageFileName="EscortTask_Ahead_200.xml" SendTime_ms="3000"/>
    <Message MessageFileName="AutomationRequest_EscortTask_Ahead.xml" SendTime_ms="3500"/>
    
    <Message MessageFileName="EscortTask_Behind_300.xml" SendTime_ms="4000"/>
    <Message MessageFileName="AutomationRequest_EscortTask_Behind.xml" SendTime_ms="4500"/>    

  </Service>

  <Service Type="MessageLoggerDataService" LogFileMessageCountLimit="1000" FilesPerSubDirectory="1000">
    <LogMessage MessageType="uxas" NumberMessagesToSkip="0"/>
    <LogMessage MessageType="afrl" NumberMessagesToSkip="0"/>
  </Service>
</UxAS>

