      <AirVehicleConfiguration Series="CMASI">
        <ID>103</ID>
        <Label>UAV 103</Label>
        <MinimumSpeed>18.00</MinimumSpeed>
        <MaximumSpeed>33.4388885498047</MaximumSpeed>
        <NominalSpeed>18.0</NominalSpeed>
        <NominalAltitude>200.0</NominalAltitude>
        <NominalAltitudeType>MSL</NominalAltitudeType>
        <NominalFlightProfile>
         <FlightProfile Series="CMASI">
           <Name></Name>
           <Airspeed>18</Airspeed>
           <PitchAngle>0</PitchAngle>
           <VerticalSpeed>0</VerticalSpeed>
           <MaxBankAngle>20</MaxBankAngle>
           <EnergyRate>0.000277999992249534</EnergyRate>
         </FlightProfile>
        </NominalFlightProfile>
        <AlternateFlightProfiles>
        </AlternateFlightProfiles>
       <PayloadConfigurationList>
        <GimbalConfiguration Series="CMASI">
          <SupportedPointingModes />
          <MinAzimuth>-180.0</MinAzimuth>
          <MaxAzimuth>180.0</MaxAzimuth>
          <IsAzimuthClamped>true</IsAzimuthClamped>
          <MinElevation>-130.0</MinElevation>
          <MaxElevation>40.0</MaxElevation>
          <IsElevationClamped>true</IsElevationClamped>
          <MinRotation>0.0</MinRotation>
          <MaxRotation>0.0</MaxRotation>
          <IsRotationClamped>true</IsRotationClamped>
          <MaxAzimuthSlewRate>114.59</MaxAzimuthSlewRate>
          <MaxElevationSlewRate>114.59</MaxElevationSlewRate>
          <MaxRotationRate>0.0</MaxRotationRate>
          <ContainedPayloadList>
            <uint32>10003</uint32>
          </ContainedPayloadList>
          <PayloadID>3</PayloadID>
          <PayloadKind />
        </GimbalConfiguration>
        <CameraConfiguration Series="CMASI">
          <SupportedWavelengthBands>
            <WavelengthBand>AllAny</WavelengthBand>
          </SupportedWavelengthBands>
          <FieldOfViewMode>Discrete</FieldOfViewMode>
          <MinHorizontalFieldOfView>0.11</MinHorizontalFieldOfView>
          <MaxHorizontalFieldOfView>45.0</MaxHorizontalFieldOfView>
          <DiscreteHorizontalFieldOfViewList>
            <real32>45.0</real32>
            <real32>22.0</real32>
            <real32>7.6</real32>
            <real32>3.7</real32>
            <real32>0.63</real32>
            <real32>0.11</real32>
          </DiscreteHorizontalFieldOfViewList>
          <VideoStreamHorizontalResolution>1024</VideoStreamHorizontalResolution>
          <VideoStreamVerticalResolution>768</VideoStreamVerticalResolution>
          <PayloadID>10003</PayloadID>
          <PayloadKind />
        </CameraConfiguration>
      </PayloadConfigurationList>
        <AvailableLoiterTypes>
        <LoiterType>Circular</LoiterType>
        </AvailableLoiterTypes>
        <AvailableTurnTypes>
        <TurnType>TurnShort</TurnType>
        <TurnType>FlyOver</TurnType>
        </AvailableTurnTypes>
        <MinimumAltitude>0</MinimumAltitude>
        <MaximumAltitude>1000000</MaximumAltitude>
        <MinAltAboveGround>0</MinAltAboveGround>
