<AirVehicleConfiguration Series="CMASI">
    <MinimumSpeed>20.0</MinimumSpeed>
    <MaximumSpeed>35.0</MaximumSpeed>
    <NominalFlightProfile>
        <FlightProfile Series="CMASI">
            <Name/>
            <Airspeed>22.0</Airspeed>
            <PitchAngle>0.0</PitchAngle>
            <VerticalSpeed>0.0</VerticalSpeed>
            <MaxBankAngle>20.0</MaxBankAngle>
            <EnergyRate>3.0E-4</EnergyRate>
        </FlightProfile>
    </NominalFlightProfile>
    <AlternateFlightProfiles>
        <FlightProfile Series="CMASI">
            <Name/>
            <Airspeed>22.0</Airspeed>
            <PitchAngle>0.0</PitchAngle>
            <VerticalSpeed>5.0</VerticalSpeed>
            <MaxBankAngle>20.0</MaxBankAngle>
            <EnergyRate>3.0E-4</EnergyRate>
        </FlightProfile>
    </AlternateFlightProfiles>
    <AvailableLoiterTypes/>
    <AvailableTurnTypes/>
    <MinimumAltitude>0.0</MinimumAltitude>
    <MinAltitudeType>AGL</MinAltitudeType>
    <MaximumAltitude>1000000.0</MaximumAltitude>
    <MaxAltitudeType>MSL</MaxAltitudeType>
    <ID>1</ID>
    <Affiliation>Unknown</Affiliation>
    <EntityType/>
    <Label/>
    <NominalSpeed>22.0</NominalSpeed>
    <NominalAltitude>500.0</NominalAltitude>
    <NominalAltitudeType>AGL</NominalAltitudeType>
    <PayloadConfigurationList>
        <CameraConfiguration Series="CMASI">
            <SupportedWavelengthBand>EO</SupportedWavelengthBand>
            <FieldOfViewMode>Discrete</FieldOfViewMode>
            <MinHorizontalFieldOfView>0.11</MinHorizontalFieldOfView>
            <MaxHorizontalFieldOfView>45.0</MaxHorizontalFieldOfView>
            <DiscreteHorizontalFieldOfViewList>
                <real32>45.0</real32>
                <real32>22.0</real32>
                <real32>7.6</real32>
                <real32>3.7</real32>
                <real32>0.63</real32>
                <real32>0.11</real32>
            </DiscreteHorizontalFieldOfViewList>
            <VideoStreamHorizontalResolution>1024</VideoStreamHorizontalResolution>
            <VideoStreamVerticalResolution>768</VideoStreamVerticalResolution>
            <PayloadID>1001</PayloadID>
            <PayloadKind/>
            <Parameters/>
        </CameraConfiguration>
        <GimbalConfiguration Series="CMASI">
            <SupportedPointingModes/>
            <MinAzimuth>-180.0</MinAzimuth>
            <MaxAzimuth>180.0</MaxAzimuth>
            <IsAzimuthClamped>true</IsAzimuthClamped>
            <MinElevation>-130.0</MinElevation>
            <MaxElevation>40.0</MaxElevation>
            <IsElevationClamped>true</IsElevationClamped>
            <MinRotation>0.0</MinRotation>
            <MaxRotation>0.0</MaxRotation>
            <IsRotationClamped>true</IsRotationClamped>
            <MaxAzimuthSlewRate>115.0</MaxAzimuthSlewRate>
            <MaxElevationSlewRate>115.0</MaxElevationSlewRate>
            <MaxRotationRate>0.0</MaxRotationRate>
            <ContainedPayloadList>
                <int64>1001</int64>
            </ContainedPayloadList>
            <PayloadID>101</PayloadID>
            <PayloadKind/>
            <Parameters/>
        </GimbalConfiguration>
    </PayloadConfigurationList>
    <Info/>
</AirVehicleConfiguration>
