<AirVehicleState Series="CMASI">
    <Airspeed>0.0</Airspeed>
    <VerticalSpeed>0.0</VerticalSpeed>
    <WindSpeed>0.0</WindSpeed>
    <WindDirection>0.0</WindDirection>
    <ID>2</ID>
    <u>0.0</u>
    <v>0.0</v>
    <w>0.0</w>
    <udot>0.0</udot>
    <vdot>0.0</vdot>
    <wdot>0.0</wdot>
    <Heading>0.0</Heading>
    <Pitch>0.0</Pitch>
    <Roll>0.0</Roll>
    <p>0.0</p>
    <q>0.0</q>
    <r>0.0</r>
    <Course>0.0</Course>
    <Groundspeed>0.0</Groundspeed>
    <Location>
        <Location3D Series="CMASI">
            <Latitude>25.44179557110271</Latitude>
            <Longitude>-80.65038781016004</Longitude>
            <Altitude>100.0</Altitude>
            <AltitudeType>MSL</AltitudeType>
        </Location3D>
    </Location>
    <EnergyAvailable>100.0</EnergyAvailable>
    <ActualEnergyRate>0.0</ActualEnergyRate>
    <PayloadStateList/>
    <CurrentWaypoint>0</CurrentWaypoint>
    <CurrentCommand>0</CurrentCommand>
    <Mode>Waypoint</Mode>
    <AssociatedTasks/>
    <Time>0</Time>
    <Info/>
</AirVehicleState>
