    <AutomationRequest Series="CMASI">
      <EntityList>
        <int64>1</int64>
        <int64>2</int64>
      </EntityList>
      <TaskList>
        <int64>1</int64>
        <int64>2</int64>
        <int64>3</int64>
        <int64>4</int64>
        <int64>5</int64>
        <int64>6</int64>
      </TaskList>
      <TaskRelationships>|(.(p1 +(p3 p5)) .(p2 p4 p6))</TaskRelationships>
      <OperatingRegion>10</OperatingRegion>
      <RedoAllTasks>false</RedoAllTasks>
    </AutomationRequest>
