    <KeepInZone Series="CMASI">
      <ZoneID>3</ZoneID>
      <MinAltitude>0.0</MinAltitude>
      <MinAltitudeType>AGL</MinAltitudeType>
      <MaxAltitude>5000.0</MaxAltitude>
      <MaxAltitudeType>MSL</MaxAltitudeType>
      <AffectedAircraft/>
      <StartTime>0</StartTime>
      <EndTime>0</EndTime>
      <Padding>0.0</Padding>
      <Label/>
      <Boundary>
        <Rectangle Series="CMASI">
          <CenterPoint>
            <Location3D Series="CMASI">
              <Latitude>25.371511642307972</Latitude>
              <Longitude>-80.68928178150387</Longitude>
              <Altitude>0.0</Altitude>
              <AltitudeType>MSL</AltitudeType>
            </Location3D>
          </CenterPoint>
          <Width>54229.61</Width>
          <Height>48688.32</Height>
          <Rotation>0.0</Rotation>
        </Rectangle>
      </Boundary>
    </KeepInZone>