    <KeepOutZone Series="CMASI">
      <ZoneType>Physical</ZoneType>
      <ZoneID>2</ZoneID>
      <MinAltitude>0.0</MinAltitude>
      <MinAltitudeType>AGL</MinAltitudeType>
      <MaxAltitude>5000.0</MaxAltitude>
      <MaxAltitudeType>MSL</MaxAltitudeType>
      <AffectedAircraft/>
      <StartTime>0</StartTime>
      <EndTime>0</EndTime>
      <Padding>0.0</Padding>
      <Label/>
      <Boundary>
        <Polygon Series="CMASI">
          <BoundaryPoints>
            <Location3D Series="CMASI">
              <Latitude>25.298656350264643</Latitude>
              <Longitude>-80.88375163822296</Longitude>
              <Altitude>0.0</Altitude>
              <AltitudeType>MSL</AltitudeType>
            </Location3D>
            <Location3D Series="CMASI">
              <Latitude>25.298656350264643</Latitude>
              <Longitude>-80.81829593035165</Longitude>
              <Altitude>0.0</Altitude>
              <AltitudeType>MSL</AltitudeType>
            </Location3D>
            <Location3D Series="CMASI">
              <Latitude>25.266942870198726</Latitude>
              <Longitude>-80.78888829348193</Longitude>
              <Altitude>0.0</Altitude>
              <AltitudeType>MSL</AltitudeType>
            </Location3D>
            <Location3D Series="CMASI">
              <Latitude>25.24208635879571</Latitude>
              <Longitude>-80.81165549621979</Longitude>
              <Altitude>0.0</Altitude>
              <AltitudeType>MSL</AltitudeType>
            </Location3D>
            <Location3D Series="CMASI">
              <Latitude>25.24208635879571</Latitude>
              <Longitude>-80.88375163822296</Longitude>
              <Altitude>0.0</Altitude>
              <AltitudeType>MSL</AltitudeType>
            </Location3D>
            <Location3D Series="CMASI">
              <Latitude>25.26779999128159</Latitude>
              <Longitude>-80.9065188409608</Longitude>
              <Altitude>0.0</Altitude>
              <AltitudeType>MSL</AltitudeType>
            </Location3D>
          </BoundaryPoints>
        </Polygon>
      </Boundary>
    </KeepOutZone>
