<GimbalConfiguration Series="CMASI">
    <SupportedPointingModes/>
    <MinAzimuth>-180.0</MinAzimuth>
    <MaxAzimuth>180.0</MaxAzimuth>
    <IsAzimuthClamped>false</IsAzimuthClamped>
    <MinElevation>-180.0</MinElevation>
    <MaxElevation>180.0</MaxElevation>
    <IsElevationClamped>false</IsElevationClamped>
    <MinRotation>-180.0</MinRotation>
    <MaxRotation>180.0</MaxRotation>
    <IsRotationClamped>false</IsRotationClamped>
    <MaxAzimuthSlewRate>30.0</MaxAzimuthSlewRate>
    <MaxElevationSlewRate>30.0</MaxElevationSlewRate>
    <MaxRotationRate>30.0</MaxRotationRate>
    <ContainedPayloadList/>
    <PayloadID>1001</PayloadID>
    <PayloadKind/>
</GimbalConfiguration>