<LineSearchTask Series="CMASI">
	<PointList>
		<Location3D Series="CMASI"><Altitude>0</Altitude><Longitude>-121.0083254511704</Longitude><Latitude>45.31010191362929</Latitude></Location3D>
		<Location3D Series="CMASI"><Altitude>0</Altitude><Longitude>-121.0073363873731</Longitude><Latitude>45.31014454653914</Latitude></Location3D>
		<Location3D Series="CMASI"><Altitude>0</Altitude><Longitude>-121.0061471140418</Longitude><Latitude>45.30993640240653</Latitude></Location3D>
		<Location3D Series="CMASI"><Altitude>0</Altitude><Longitude>-121.0049588506904</Longitude><Latitude>45.30953092852143</Latitude></Location3D>
		<Location3D Series="CMASI"><Altitude>0</Altitude><Longitude>-121.0038459859541</Longitude><Latitude>45.30916015439587</Latitude></Location3D>
		<Location3D Series="CMASI"><Altitude>0</Altitude><Longitude>-121.0030050826207</Longitude><Latitude>45.30879072986265</Latitude></Location3D>
		<Location3D Series="CMASI"><Altitude>0</Altitude><Longitude>-121.0020852486466</Longitude><Latitude>45.30829299220483</Latitude></Location3D>
		<Location3D Series="CMASI"><Altitude>0</Altitude><Longitude>-121.0012336094293</Longitude><Latitude>45.30769444060208</Latitude></Location3D>
		<Location3D Series="CMASI"><Altitude>0</Altitude><Longitude>-121.0000337568532</Longitude><Latitude>45.30720319853433</Latitude></Location3D>
		<Location3D Series="CMASI"><Altitude>0</Altitude><Longitude>-120.9981743127899</Longitude><Latitude>45.30657536722347</Latitude></Location3D>
		<Location3D Series="CMASI"><Altitude>0</Altitude><Longitude>-120.9956610197904</Longitude><Latitude>45.30671401714053</Latitude></Location3D>
		<Location3D Series="CMASI"><Altitude>0</Altitude><Longitude>-120.9935292154597</Longitude><Latitude>45.307334481688</Latitude></Location3D>
		<Location3D Series="CMASI"><Altitude>0</Altitude><Longitude>-120.991376180592</Longitude><Latitude>45.30866407687476</Latitude></Location3D>
		<Location3D Series="CMASI"><Altitude>0</Altitude><Longitude>-120.9900795118393</Longitude><Latitude>45.31006033945595</Latitude></Location3D>
		<Location3D Series="CMASI"><Altitude>0</Altitude><Longitude>-120.9887445897925</Longitude><Latitude>45.31253260623115</Latitude></Location3D>
		<Location3D Series="CMASI"><Altitude>0</Altitude><Longitude>-120.9883094326812</Longitude><Latitude>45.31367220635453</Latitude></Location3D>
		<Location3D Series="CMASI"><Altitude>0</Altitude><Longitude>-120.987849110606</Longitude><Latitude>45.31425929513004</Latitude></Location3D>
		<Location3D Series="CMASI"><Altitude>0</Altitude><Longitude>-120.9875228385498</Longitude><Latitude>45.31534456334312</Latitude></Location3D>
		<Location3D Series="CMASI"><Altitude>0</Altitude><Longitude>-120.9865032597271</Longitude><Latitude>45.31782771140955</Latitude></Location3D>
		<Location3D Series="CMASI"><Altitude>0</Altitude><Longitude>-120.9859171557376</Longitude><Latitude>45.31916503834662</Latitude></Location3D>
		<Location3D Series="CMASI"><Altitude>0</Altitude><Longitude>-120.9852662838611</Longitude><Latitude>45.32013049182169</Latitude></Location3D>
		<Location3D Series="CMASI"><Altitude>0</Altitude><Longitude>-120.9842303874313</Longitude><Latitude>45.32101828295757</Latitude></Location3D>
		<Location3D Series="CMASI"><Altitude>0</Altitude><Longitude>-120.9829050661829</Longitude><Latitude>45.32181573161098</Latitude></Location3D>
		<Location3D Series="CMASI"><Altitude>0</Altitude><Longitude>-120.9812658515318</Longitude><Latitude>45.32250107834006</Latitude></Location3D>
		<Location3D Series="CMASI"><Altitude>0</Altitude><Longitude>-120.9801032216358</Longitude><Latitude>45.3226866441459</Latitude></Location3D>
		<Location3D Series="CMASI"><Altitude>0</Altitude><Longitude>-120.9790232250835</Longitude><Latitude>45.32237564217537</Latitude></Location3D>
		<Location3D Series="CMASI"><Altitude>0</Altitude><Longitude>-120.977160254635</Longitude><Latitude>45.32170931738131</Latitude></Location3D>
		<Location3D Series="CMASI"><Altitude>0</Altitude><Longitude>-120.9759675889779</Longitude><Latitude>45.32125315824487</Latitude></Location3D>
		<Location3D Series="CMASI"><Altitude>0</Altitude><Longitude>-120.9741972283461</Longitude><Latitude>45.32081268964843</Latitude></Location3D>
		<Location3D Series="CMASI"><Altitude>0</Altitude><Longitude>-120.9731926005219</Longitude><Latitude>45.32029146766373</Latitude></Location3D>
		<Location3D Series="CMASI"><Altitude>0</Altitude><Longitude>-120.9725689266584</Longitude><Latitude>45.31969137638066</Latitude></Location3D>
		<Location3D Series="CMASI"><Altitude>0</Altitude><Longitude>-120.9725040886852</Longitude><Latitude>45.31898425547526</Latitude></Location3D>
		<Location3D Series="CMASI"><Altitude>0</Altitude><Longitude>-120.9727630711143</Longitude><Latitude>45.3183602913433</Latitude></Location3D>
		<Location3D Series="CMASI"><Altitude>0</Altitude><Longitude>-120.9732193850189</Longitude><Latitude>45.31786773297657</Latitude></Location3D>
		<Location3D Series="CMASI"><Altitude>0</Altitude><Longitude>-120.9736261001584</Longitude><Latitude>45.31700059021674</Latitude></Location3D>
		<Location3D Series="CMASI"><Altitude>0</Altitude><Longitude>-120.9736074738958</Longitude><Latitude>45.31605495781051</Latitude></Location3D>
		<Location3D Series="CMASI"><Altitude>0</Altitude><Longitude>-120.9741065277381</Longitude><Latitude>45.31491499885933</Latitude></Location3D>
		<Location3D Series="CMASI"><Altitude>0</Altitude><Longitude>-120.9743129107407</Longitude><Latitude>45.31392596539244</Latitude></Location3D>
		<Location3D Series="CMASI"><Altitude>0</Altitude><Longitude>-120.9740908342498</Longitude><Latitude>45.31232997231063</Latitude></Location3D>
		<Location3D Series="CMASI"><Altitude>0</Altitude><Longitude>-120.973681895543</Longitude><Latitude>45.311368002835</Latitude></Location3D>
		<Location3D Series="CMASI"><Altitude>0</Altitude><Longitude>-120.9731209607734</Longitude><Latitude>45.31017345824397</Latitude></Location3D>
		<Location3D Series="CMASI"><Altitude>0</Altitude><Longitude>-120.9722957805609</Longitude><Latitude>45.3089657186319</Latitude></Location3D>
		<Location3D Series="CMASI"><Altitude>0</Altitude><Longitude>-120.9711703669836</Longitude><Latitude>45.30801518804441</Latitude></Location3D>
		<Location3D Series="CMASI"><Altitude>0</Altitude><Longitude>-120.9693028949764</Longitude><Latitude>45.3072796886579</Latitude></Location3D>
		<Location3D Series="CMASI"><Altitude>0</Altitude><Longitude>-120.9668078517994</Longitude><Latitude>45.30673202190997</Latitude></Location3D>
		<Location3D Series="CMASI"><Altitude>0</Altitude><Longitude>-120.963040952013</Longitude><Latitude>45.30673135789861</Latitude></Location3D>
		<Location3D Series="CMASI"><Altitude>0</Altitude><Longitude>-120.9603937362464</Longitude><Latitude>45.30744129783566</Latitude></Location3D>
		<Location3D Series="CMASI"><Altitude>0</Altitude><Longitude>-120.9585312665129</Longitude><Latitude>45.30846818080652</Latitude></Location3D>
		<Location3D Series="CMASI"><Altitude>0</Altitude><Longitude>-120.9568029305637</Longitude><Latitude>45.30967931489138</Latitude></Location3D>
		<Location3D Series="CMASI"><Altitude>0</Altitude><Longitude>-120.9561914219863</Longitude><Latitude>45.3112882257958</Latitude></Location3D>
		<Location3D Series="CMASI"><Altitude>0</Altitude><Longitude>-120.955811614785</Longitude><Latitude>45.31284763186452</Latitude></Location3D>
		<Location3D Series="CMASI"><Altitude>0</Altitude><Longitude>-120.9557665391128</Longitude><Latitude>45.3139974188727</Latitude></Location3D>
		<Location3D Series="CMASI"><Altitude>0</Altitude><Longitude>-120.9549900754267</Longitude><Latitude>45.31512567936078</Latitude></Location3D>
		<Location3D Series="CMASI"><Altitude>0</Altitude><Longitude>-120.9543252975696</Longitude><Latitude>45.31632220351368</Latitude></Location3D>
		<Location3D Series="CMASI"><Altitude>0</Altitude><Longitude>-120.9535581498927</Longitude><Latitude>45.31750916938326</Latitude></Location3D>
		<Location3D Series="CMASI"><Altitude>0</Altitude><Longitude>-120.9528060444161</Longitude><Latitude>45.31824498443208</Latitude></Location3D>
		<Location3D Series="CMASI"><Altitude>0</Altitude><Longitude>-120.9517271997578</Longitude><Latitude>45.31909106182526</Latitude></Location3D>
		<Location3D Series="CMASI"><Altitude>0</Altitude><Longitude>-120.9497937414778</Longitude><Latitude>45.32063177367963</Latitude></Location3D>
		<Location3D Series="CMASI"><Altitude>0</Altitude><Longitude>-120.9485991407506</Longitude><Latitude>45.32186043789297</Latitude></Location3D>
		<Location3D Series="CMASI"><Altitude>0</Altitude><Longitude>-120.9473757232273</Longitude><Latitude>45.32314095506244</Latitude></Location3D>
		<Location3D Series="CMASI"><Altitude>0</Altitude><Longitude>-120.9462492191656</Longitude><Latitude>45.32454104239167</Latitude></Location3D>
		<Location3D Series="CMASI"><Altitude>0</Altitude><Longitude>-120.9458725497733</Longitude><Latitude>45.3254667239222</Latitude></Location3D>
		<Location3D Series="CMASI"><Altitude>0</Altitude><Longitude>-120.9457325141464</Longitude><Latitude>45.32774671938083</Latitude></Location3D>
		<Location3D Series="CMASI"><Altitude>0</Altitude><Longitude>-120.946057246728</Longitude><Latitude>45.32982728617336</Latitude></Location3D>
		<Location3D Series="CMASI"><Altitude>0</Altitude><Longitude>-120.9463435048966</Longitude><Latitude>45.33114059711549</Latitude></Location3D>
		<Location3D Series="CMASI"><Altitude>0</Altitude><Longitude>-120.9472305766867</Longitude><Latitude>45.33168008145889</Latitude></Location3D>
		<Location3D Series="CMASI"><Altitude>0</Altitude><Longitude>-120.9496655093177</Longitude><Latitude>45.33231336400754</Latitude></Location3D>
		<Location3D Series="CMASI"><Altitude>0</Altitude><Longitude>-120.9537037613241</Longitude><Latitude>45.33339203601861</Latitude></Location3D>
		<Location3D Series="CMASI"><Altitude>0</Altitude><Longitude>-120.9549742185475</Longitude><Latitude>45.33427824672614</Latitude></Location3D>
		<Location3D Series="CMASI"><Altitude>0</Altitude><Longitude>-120.9552160063732</Longitude><Latitude>45.33547030993997</Latitude></Location3D>
		<Location3D Series="CMASI"><Altitude>0</Altitude><Longitude>-120.9544566767464</Longitude><Latitude>45.33651686117801</Latitude></Location3D>
		<Location3D Series="CMASI"><Altitude>0</Altitude><Longitude>-120.9536103477864</Longitude><Latitude>45.33731583461009</Latitude></Location3D>
		<Location3D Series="CMASI"><Altitude>0</Altitude><Longitude>-120.9525906588105</Longitude><Latitude>45.33765558656223</Latitude></Location3D>
		<Location3D Series="CMASI"><Altitude>0</Altitude><Longitude>-120.9508791521434</Longitude><Latitude>45.33776203305463</Latitude></Location3D>
		<Location3D Series="CMASI"><Altitude>0</Altitude><Longitude>-120.9493079260548</Longitude><Latitude>45.33762679549746</Latitude></Location3D>
		<Location3D Series="CMASI"><Altitude>0</Altitude><Longitude>-120.9470451217051</Longitude><Latitude>45.33708197013563</Latitude></Location3D>
		<Location3D Series="CMASI"><Altitude>0</Altitude><Longitude>-120.9446898991854</Longitude><Latitude>45.33565212099104</Latitude></Location3D>
		<Location3D Series="CMASI"><Altitude>0</Altitude><Longitude>-120.9431223210462</Longitude><Latitude>45.33481996751565</Latitude></Location3D>
		<Location3D Series="CMASI"><Altitude>0</Altitude><Longitude>-120.9407323965408</Longitude><Latitude>45.33360296972642</Latitude></Location3D>
		<Location3D Series="CMASI"><Altitude>0</Altitude><Longitude>-120.9369468851942</Longitude><Latitude>45.33125989249351</Latitude></Location3D>
		<Location3D Series="CMASI"><Altitude>0</Altitude><Longitude>-120.9364498493791</Longitude><Latitude>45.33087842334099</Latitude></Location3D>
		<Location3D Series="CMASI"><Altitude>0</Altitude><Longitude>-120.9352324790402</Longitude><Latitude>45.33102689836534</Latitude></Location3D>
		<Location3D Series="CMASI"><Altitude>0</Altitude><Longitude>-120.9334351896656</Longitude><Latitude>45.33157197498465</Latitude></Location3D>
		<Location3D Series="CMASI"><Altitude>0</Altitude><Longitude>-120.9324468623195</Longitude><Latitude>45.33258769668668</Latitude></Location3D>
		<Location3D Series="CMASI"><Altitude>0</Altitude><Longitude>-120.9321481980392</Longitude><Latitude>45.33437066167288</Latitude></Location3D>
		<Location3D Series="CMASI"><Altitude>0</Altitude><Longitude>-120.932334755014</Longitude><Latitude>45.33542628105072</Latitude></Location3D>
		<Location3D Series="CMASI"><Altitude>0</Altitude><Longitude>-120.9324001273692</Longitude><Latitude>45.33681711137329</Latitude></Location3D>
		<Location3D Series="CMASI"><Altitude>0</Altitude><Longitude>-120.9332043644707</Longitude><Latitude>45.33823373721766</Latitude></Location3D>
		<Location3D Series="CMASI"><Altitude>0</Altitude><Longitude>-120.9352862310112</Longitude><Latitude>45.33968836356476</Latitude></Location3D>
		<Location3D Series="CMASI"><Altitude>0</Altitude><Longitude>-120.9377622731235</Longitude><Latitude>45.34120895091226</Latitude></Location3D>
	</PointList>
	<ViewAngleList></ViewAngleList>
	<UseInertialViewAngles>false</UseInertialViewAngles>
	<TaskID>1000</TaskID>
	<Label>LINE_Waterway_Deschutes</Label>
	<EligibleEntities></EligibleEntities>
	<ViewAngleList>
		<Wedge Series="CMASI">
			<AzimuthCenterline>35.0</AzimuthCenterline>
			<VerticalCenterline>-60.0</VerticalCenterline>
		</Wedge>
	</ViewAngleList>
	<RevisitRate>0</RevisitRate>
	<Parameters></Parameters>
	<Priority>0</Priority>
	<Required>true</Required>
	<DesiredWavelengthBands><WavelengthBand>AllAny</WavelengthBand></DesiredWavelengthBands>
	<DwellTime>0</DwellTime>
	<GroundSampleDistance>1000</GroundSampleDistance>
</LineSearchTask>
